source_workbook,source_cell,category,name,raw_value,unit,note
附件1.xlsx,参数清单!C2,几何参数,燃料电池活化面积,25,cm^2,用于电流/电流密度换算和电池面积设定
附件1.xlsx,参数清单!C3,几何参数,端板厚度,0.01,m,电堆两端的端板厚度
附件1.xlsx,参数清单!C4,几何参数,阳极双极板厚度,0.002,m,阳极侧 BP 厚度
附件1.xlsx,参数清单!C5,几何参数,阴极双极板厚度,0.002,m,阴极侧 BP 厚度
附件1.xlsx,参数清单!C6,几何参数,阳极 GDL 厚度,0.00015,m,阳极气体扩散层厚度
附件1.xlsx,参数清单!C7,几何参数,阴极 GDL 厚度,0.00015,m,阴极气体扩散层厚度
附件1.xlsx,参数清单!C8,几何参数,阳极 CL 厚度,3.4e-06,m,阳极催化层厚度
附件1.xlsx,参数清单!C9,几何参数,阴极 CL 厚度,1.13e-05,m,阴极催化层厚度
附件1.xlsx,参数清单!C10,几何参数,质子交换膜厚度,1.2e-05,m,膜厚度
附件1.xlsx,参数清单!C11,多孔介质,阳极 GDL 孔隙率,0.8,-,阳极 GDL 多孔介质孔隙率
附件1.xlsx,参数清单!C12,多孔介质,阴极 GDL 孔隙率,0.8,-,阴极 GDL 多孔介质孔隙率
附件1.xlsx,参数清单!C13,多孔介质,阳极 CL 孔隙率,0.3916,-,阳极催化层孔隙率
附件1.xlsx,参数清单!C14,多孔介质,阴极 CL 孔隙率,0.4207,-,阴极催化层孔隙率
附件1.xlsx,参数清单!C15,多孔介质,GDL 接触角,110,deg,用于毛细压和液态水迁移计算
附件1.xlsx,参数清单!C16,多孔介质,CL 接触角,100,deg,用于催化层毛细压和液态水迁移计算
附件1.xlsx,参数清单!C17,多孔介质,GDL 液态水渗透率常数,6.2e-12,m^2,GDL 区域液态水迁移相关常数
附件1.xlsx,参数清单!C18,多孔介质,CL 液态水渗透率常数,6.2e-13,m^2,CL 区域液态水迁移相关常数
附件1.xlsx,参数清单!C19,多孔介质,有效导热系数,由孔隙率、相含量和材料导热系数计算,W/(m·K),不同区域按固体、气体、液态水、冰等体积分数加权计算
附件1.xlsx,参数清单!C20,电化学参数,初始开路电压,0.95,V,用于零时刻电压曲线起点
附件1.xlsx,参数清单!C21,电化学参数,电化学参考温度,298.15,K,用于 Nernst 电压和交换电流密度温度修正
附件1.xlsx,参数清单!C22,电化学参数,阴极冰覆盖活性面积指数,3.5,-,控制 CCL 冰覆盖对有效反应面积的影响强度
附件1.xlsx,参数清单!C23,电化学参数,首尾电池浓差极化系数,10,-,用于首尾电池浓差极化修正
附件1.xlsx,参数清单!C24,电化学参数,中间电池浓差极化系数,1,-,用于中间电池浓差极化修正
附件1.xlsx,参数清单!C25,膜参数,质子交换膜厚度,1.2e-05,m,膜区域厚度
附件1.xlsx,参数清单!C26,膜参数,膜密度,2150,kg/m^3,膜/离聚物含水量计算使用
附件1.xlsx,参数清单!C27,膜参数,膜当量质量,1000,g/mol,用于膜水含量和质量换算
附件1.xlsx,参数清单!C28,膜参数,初始膜含水量,3,lambda,初始膜内水含量
附件1.xlsx,参数清单!C29,膜参数,CL 离聚物体积分数,0.3,-,阳极/阴极 CL 中离聚物体积分数
附件1.xlsx,参数清单!C30,热物性参数,水蒸气物性,4.8e-3; 2000; 0.1,kg/m^3; J/(kg·K); W/(m·K),水蒸气密度、比热容、导热系数
附件1.xlsx,参数清单!C31,热物性参数,冰物性,920; 2050; 2.3,kg/m^3; J/(kg·K); W/(m·K),冰密度、比热容、导热系数
附件1.xlsx,参数清单!C32,热物性参数,液态水物性,990; 4182; 0.6,kg/m^3; J/(kg·K); W/(m·K),液态水密度、比热容、导热系数
附件1.xlsx,参数清单!C33,热物性参数,氢气物性,0.089; 14283; 0.1672,kg/m^3; J/(kg·K); W/(m·K),氢气密度、比热容、导热系数
附件1.xlsx,参数清单!C34,热物性参数,氧气物性,1.43; 919.31; 0.0246,kg/m^3; J/(kg·K); W/(m·K),氧气密度、比热容、导热系数
附件1.xlsx,参数清单!C35,热物性参数,氮气物性,1.35; 1041.5; 0.0235,kg/m^3; J/(kg·K); W/(m·K),氮气密度、比热容、导热系数
附件1.xlsx,参数清单!C36,热物性参数,离聚物物性,2150; 1050; 0.24,kg/m^3; J/(kg·K); W/(m·K),离聚物密度、比热容、导热系数
附件1.xlsx,参数清单!C37,热物性参数,双极板物性,1980; 766; 95; 83000,kg/m^3; J/(kg·K); W/(m·K); S/m,BP 密度、比热、导热系数和电导率
附件1.xlsx,参数清单!C38,热物性参数,GDL 物性,185; 545; 0.3; 375,kg/m^3; J/(kg·K); W/(m·K); S/m,GDL 密度、比热、导热系数和电导率
附件1.xlsx,参数清单!C39,热物性参数,CL 物性,970; 240; 0.27,kg/m^3; J/(kg·K); W/(m·K),CL 密度、比热和导热系数
附件1.xlsx,参数清单!C40,端板热物性,密度,7900,kg/m^3,
附件1.xlsx,参数清单!C41,端板热物性,比热容,500 ,J/(kg·K),
附件1.xlsx,参数清单!C42,端板热物性,导热系数,15,W/(m·K),
附件1.xlsx,参数清单!C43,热物性参数,端板与外界对流换热系数,40,W/(m^2·K),首尾端板与环境换热边界条件
附件1.xlsx,参数清单!C44,热物性参数,水凝结潜热,2500000,J/kg,水蒸气凝结/蒸发热源项
附件1.xlsx,参数清单!C45,热物性参数,水冻结潜热,333600,J/kg,液态水冻结/冰融化热源项
附件1.xlsx,参数清单!C46,水传输参数,膜水-水蒸气转化系数,0.001; 1.0,-,膜水和气相水之间转化
附件1.xlsx,参数清单!C47,水传输参数,膜水-液态水转化系数,0.5,-,膜水和液态水之间转化
附件1.xlsx,参数清单!C48,水传输参数,膜水-冰转化系数,1,-,膜水冻结/融化相关系数
附件1.xlsx,参数清单!C49,水传输参数,水蒸气-液态水相变系数,1.0; 1.0,-,冷凝和蒸发源项系数
附件1.xlsx,参数清单!C50,水传输参数,水蒸气-冰相变系数,0.0001,-,低温下水蒸气直接成冰源项系数
附件1.xlsx,参数清单!C51,运行参数,初始电堆温度,253.15,K,冷启动初始温度
附件1.xlsx,参数清单!C52,运行参数,环境温度,253.15,K,端板对流换热环境温度
附件1.xlsx,参数清单!C53,运行参数,阳极入口水蒸气质量分数,0,-,入口干氢气，默认无水蒸气
附件1.xlsx,参数清单!C54,运行参数,阴极入口水蒸气质量分数,0,-,入口干空气，默认无水蒸气
附件1.xlsx,参数清单!C55,运行参数,初始液态水,0,-,启动前已经过吹扫
附件1.xlsx,参数清单!C56,运行参数,初始冰体积分数,0,-,启动前已经过吹扫
附件1.xlsx,参数清单!C57,运行参数,初始压力及操作压力,101325,Pa,电化学和气相源项中使用的压力
附件1.xlsx,参数清单!C58,运行参数,阳极入口氢气质量分数,1,-,阳极入口纯氢
附件1.xlsx,参数清单!C59,运行参数,阴极入口氧气质量分数,0.233,-,阴极入口干空气氧气组分
附件1.xlsx,参数清单!C60,运行参数,阴极入口氮气质量分数,0.767,-,阴极入口干空气氮气组分
附件1.xlsx,参数清单!C61,运行参数,残差收敛标准,1e-06,-,控制方程最大残差收敛阈值
