辅助策略,单片编号,功率密度/W_cm2,辅助能耗/J,角色
纯预热启动,1,0.7996327236753333,1198.935086206988,端部
纯预热启动,2,0.9995408953374086,1498.6688438795481,中间
纯预热启动,3,0.9420672774546011,1412.4953607656564,中间
纯预热启动,4,0.9995408953374086,1498.6688438795481,中间
纯预热启动,5,0.7996327236753333,1198.935086206988,端部
恒定功率协同启动,1,0.5004597695586289,1122.6276773067802,端部
恒定功率协同启动,2,0.5004597695586289,1122.6276773067802,中间
恒定功率协同启动,3,0.4361439648893024,978.3549369150393,中间
恒定功率协同启动,4,0.5004597695586289,1122.6276773067802,中间
恒定功率协同启动,5,0.5004597695586289,1122.6276773067802,端部
