j0,tau_b,tau_f
1.454318608595647,0.0,0.0
1.4537923825966934,0.0031683948970832416,0.0
1.4537709513059365,0.003184695590618958,0.0
1.4537474380773574,0.0034374879916754253,0.0
1.4537224307514882,0.0037973105326235177,0.0
1.4536978476748175,0.004036663984171204,0.0
1.4536726167994138,0.004230156398203159,0.0
1.4536477515091426,0.004430518166268864,0.0
1.453620572745725,0.004725892916705258,0.0
1.4536050830422198,0.004784840499164981,0.0
1.4535769664843676,0.00519806351893711,0.0
1.453547660004754,0.005361771673288255,0.0
1.4535276666691743,0.005556067838104658,0.0
1.4535045954576258,0.005685520989828774,0.0
1.4534816359277634,0.005912683658001091,0.0
1.4534592518707257,0.006136520885036134,0.0
1.4534371167978104,0.006371612090087335,0.0
1.4534153355908095,0.006599644633335326,0.0
1.4543037767606868,0.006999692277294875,0.0
1.4532778016807413,0.0074293763162813775,0.0
1.4535082306662637,0.007472609861499299,0.0
1.4533781244677377,0.007514838252357474,0.0
1.4528721196860772,0.007510475693332334,0.0
1.4528480927149683,0.007902503992103979,0.0
1.4529271226493279,0.0077418455565710555,0.0
1.4533514259762608,0.008635787661622393,0.0
1.4530127785642815,0.008923479054345762,0.0
1.4532134254856999,0.009314742807949491,0.0
1.4529142227833822,0.009507046772464871,0.0
1.4533039868545927,0.00906424571596176,0.0
1.453056817754354,0.009228493759631345,0.0
1.4522037055790804,0.008695359776567102,0.0
1.45298715673808,0.012551846312192083,0.0
1.4529352176028947,0.016712760470956788,0.0
1.4528796326783797,0.021065948022188273,0.0
1.45299427525174,0.025670641107211623,0.0
1.452098667835363,0.031717136410236435,0.0
1.4532180388779163,0.038279549130256406,0.0
1.4529310524364312,0.040875698048855234,0.0
1.4520161090700867,0.04686086976519732,0.0
1.4529442238919426,0.05354521144411706,0.0
1.452752381439145,0.059488797532244085,0.0
1.452424494981841,0.06559799006069511,0.0
1.451642326789937,0.07082630298474632,0.0
1.4522806431048234,0.08080919287631143,0.0
1.4523144403005026,0.08616588032358172,0.0
1.452171592747457,0.0927587214602473,0.0
1.4518057562905067,0.1009871471573831,0.0
1.4516519730968014,0.10323381910571547,0.0
1.4519124696815786,0.11035181102911906,0.0
1.4504312902604493,0.11500979906742259,0.0
1.452343257449229,0.12154629896604283,0.0
1.4513598009924542,0.12891558412064796,0.0
1.4505822085448965,0.1333710509716942,0.0
1.450850168585068,0.14299179314960497,0.0
1.4516510371535674,0.14874629607343576,0.0
1.4476526256515854,0.15132529146768547,0.0
1.4520437261651864,0.16069560956874324,0.0
1.4498373202701014,0.1607655230074556,0.0
1.451080041641717,0.16601268962143462,0.0
1.4499361798615478,0.16879224255130038,0.0
1.4493515737342477,0.17549587072404432,0.0
1.4515419726265577,0.178734241894792,0.0
1.4493662254113342,0.1816281593583824,0.0
1.450943428438952,0.1831519328919266,0.0
1.4502034146074059,0.18420854498136427,0.0
1.4495846555272844,0.18623349567950717,0.0
1.4462531575757018,0.1867773614061245,0.0
1.450745675957895,0.18840394975872718,0.0
1.4481839752775727,0.1883853670188766,0.0
1.450297557667568,0.18582977100957504,0.0
1.449320955187261,0.1821895122008736,0.0
1.449399246673977,0.17676006146937578,0.0
1.449627831679834,0.17156612692611856,0.0
1.4476662590351927,0.16715934163732035,0.0
1.4481119264066442,0.16381743770921275,0.0
1.4464184412216716,0.15760502836433452,0.0
1.4472926807078088,0.15199877547829033,0.0
1.449015415738586,0.1506115633569986,0.0
1.4479234550163276,0.1483257732784201,0.0
1.4482620057729416,0.14130245789729656,0.0
1.444967878511013,0.13701631952803459,0.0
1.4482144607081675,0.1344252697535353,0.0
1.446624320230446,0.12973155689479654,0.0
1.4481509586862749,0.12551936850044854,0.0
1.4453422581477564,0.1241334791340402,0.0
1.4465138944020832,0.11903984722726099,0.0
1.4468242410387688,0.11706586828026389,0.0
1.4482852970580495,0.1148695789107516,0.0
1.4503876547135994,0.11428819173815441,0.0
1.4460447298371075,0.10717909939141161,0.0
1.4490565721925939,0.10697108545893268,0.0
1.4520192471673947,0.10566540758579399,0.0
1.450683730029804,0.10737814271924626,0.0
1.4587779267211924,0.1032732099318423,0.0
1.4510062673624684,0.10005587264174665,0.0
1.453018546576601,0.10093419686351505,0.0
1.4529823603654772,0.09929993066251086,0.0
1.4529595774618542,0.09845678431143294,0.0
1.4540672251591502,0.09978363198115403,-4.736951571734002e-13
1.4533315673854001,0.09410041728870056,-1.0894988614988204e-11
1.4526652681655132,0.09110894218906651,-3.7618264059346984e-08
1.452772148041722,0.08660232656438893,3.052581358057675e-06
1.4527627666296894,0.08128721612455556,9.983741241133734e-06
1.4527827287513637,0.07524459035958368,7.042265555886237e-06
1.4528650319962348,0.06910775409991743,7.115822053075742e-05
1.452419351835251,0.06331888336935285,9.566310173643919e-05
1.4523523526795166,0.05697228200958193,0.0001570815214790855
1.4517670278983985,0.05120819240431729,-1.7891363294590217e-05
1.453169869860697,0.04636639572292249,0.0010379328379883646
1.4519012345004967,0.04140337626499976,0.0006777665087535449
1.4514590089464245,0.0381991818009908,0.00038488761025708606
1.4508591086347167,0.035915122653780905,-0.0003271413665591657
1.4522318429473084,0.036402955310658555,0.0017144600185758918
1.4510533766300664,0.03506443166756412,0.0005058380854923902
1.4520839675121522,0.03950302006122305,0.0009540052595014004
1.4523061783123126,0.04074267584760113,0.001006254283453245
1.452346117277159,0.04152782390202485,0.0011161949529991944
1.4525451483952643,0.04168682823433301,0.0010038610554374827
1.452968567541054,0.04105935937725273,0.0015824780184914289
1.452729360894267,0.041526432277313084,0.0012977293188498606
1.4524260825332647,0.03879138761509656,0.0015586325046020497
1.4527215544688943,0.03781291342950984,0.0021268439726422157
1.4523841615435629,0.03422038425024236,0.0021986135417743453
1.4515493377575222,0.029008653319332705,0.0020583827693580288
1.4511515232105885,0.024011469760883607,0.002518920949038754
1.4502763815372077,0.01804056477894278,0.00233468034570213
1.4501900593491732,0.012880871590207715,0.002075213620618873
1.4486505240076517,0.005482151556653511,0.0028833594598154377
1.4485539249565231,-0.0012052323886753888,0.003184221868698008
1.4481532694079629,-0.00869660412755972,0.0051241514102666015
1.447204117000922,-0.016921493265442678,0.003994239874316463
1.4464239673150323,-0.022566903934754617,0.005785527884683006
1.4455855828771291,-0.029224149418401645,0.005978042253692214
1.4449259539842294,-0.03430835844326907,0.006681788312808598
1.4450128324038285,-0.04031299557472797,0.007063417882354392
1.4432637043960028,-0.04567937081390028,0.00839778686270165
1.4420400296150624,-0.05142911294910846,0.009004137504812586
1.4409489070051982,-0.05669574994063472,0.008632483240944566
1.4416786875071828,-0.0620325497981374,0.00971071372717347
1.4396104724331358,-0.06685767102704669,0.010918064806730854
1.438773913071619,-0.07271107104903271,0.010488715823460856
1.4370786079389575,-0.076524485815573,0.012180269084656933
1.4369236821894542,-0.0808136015659026,0.0117037973888993
1.4378908473981749,-0.08434464422961696,0.012900735895016169
1.4374002936790475,-0.08773295553462883,0.013294969312956558
1.4332538024556623,-0.0931305484696073,0.013397953585325695
1.433601875261085,-0.09619941128894047,0.015288342558742823
1.4362795550653118,-0.09668405703777694,0.015740845983458485
1.432857176147214,-0.0996159863907072,0.016492840438786516
1.432900589610379,-0.10238288601295646,0.0172052967118456
1.4324791528425844,-0.10503952813749606,0.017762984012629584
1.4320557517306063,-0.10739727275866548,0.01849341994528686
1.4317136029092126,-0.10954974965760775,0.019178751111563013
1.4312437175981074,-0.1117771920588003,0.0198074537173909
1.430704131376359,-0.11386327297060461,0.020413933494486024
1.430476099816976,-0.11466323559380007,0.02074149430768557
1.4350350868106432,-0.11658074459717227,0.023823572786578023
1.4186462798190766,-0.12460220933382024,0.012607183530851293
1.4307710082855845,-0.12265815762215009,0.026749297091773393
1.4267032876906192,-0.12673833213080837,0.02462108337984622
1.4282344471216866,-0.12803653825486094,0.023918556774541837
1.426460221300374,-0.12634551224195434,0.028180526218335444
1.4254023920914942,-0.13339875480582464,0.02388574645664221
1.4263545465524885,-0.13086723083593674,0.02753538046604831
1.4257516227727272,-0.13283997310911863,0.027538407331206827
1.4254255919882535,-0.13405498223661994,0.027999099654133868
1.4257786698789707,-0.1353076924589895,0.0293379266369224
1.4229701255947211,-0.13623802526462708,0.02780556211874341
1.423999121000937,-0.14163734811347695,0.0275256587947581
1.4238583561099936,-0.1394954674099817,0.02935486002684229
1.4239350093509038,-0.13699453000792045,0.031797588669491006
1.4236681042743746,-0.13946898851244782,0.03065836467399663
1.4236861891437989,-0.1401294671460107,0.03162774718982557
1.4229376548710113,-0.14107521145068821,0.032308706269409036
1.422178584934386,-0.14209458202169384,0.03276768735863319
1.4207630196651166,-0.1438971644077469,0.03269651023742881
1.4208828219096858,-0.14513497788518256,0.03309610296682308
1.4207126764115212,-0.14607683531148535,0.03377523671540909
1.4216810942812685,-0.1440714270223964,0.034862237888215006
1.4211279121004359,-0.14446415452032588,0.036760979157908956
1.420539677045222,-0.14602038812701798,0.03639891211761892
1.4202740728165963,-0.146842342682163,0.03720267711884162
1.4203104101748447,-0.14678013323508785,0.03727144072224557
0.0,0.0,0.0
-0.0021911469493337186,0.06189889223927973,0.0
-0.002784794446597516,0.06209114541680568,0.0
-0.0031532073819562356,0.0684649671901146,0.0
-0.003213967103003294,0.07795334884500942,0.0
-0.0034570781698069672,0.08116573992632918,0.0
-0.004053242290069647,0.08271319687575367,0.0
-0.004421039022872719,0.08493571354885414,0.0
-0.004828374711488929,0.09022639447853939,0.0
-0.004560742474761052,0.09249648748076804,0.0
-0.005252403828611326,0.09687703737218575,0.0
-0.005525883023930571,0.1037005666451781,0.0
-0.0056313585086324265,0.10593380997268773,0.0
-0.005923208031314668,0.10765736516968143,0.0
-0.006194988707382739,0.11107034980473904,0.0
-0.0064715292940794224,0.11446764301581425,0.0
-0.006748265333082297,0.11803828089019439,0.0
-0.007022555431982862,0.1213797622066674,0.0
0.02004996714030464,0.13010107419972883,0.0
-0.009717867202615102,0.12915798287641186,0.0
-0.00190144615146437,0.13522559634016793,0.0
-0.005956224381975517,0.13466551424983209,0.0
-0.02090434076554478,0.12959615919025208,0.0
-0.02442749140811884,0.12136852723187985,0.0
-0.017434100287990383,0.1285597260978951,0.0
-0.009542658398231652,0.1356875532299758,0.0
-0.013942446464435914,0.1424026467143828,0.0
-0.009714826363923143,0.14827250316784557,0.0
-0.017089528417576126,0.14981560831207238,0.0
-0.007132342590428683,0.15075571287184175,0.0
-0.011753882884590894,0.15098862613456276,0.0
-0.040051472903239,0.14861568173027234,0.0
-0.013792721700648752,0.15699075326362316,0.0
-0.015865232872632383,0.15921822355456547,0.0
-0.018240011810159256,0.15837678132110494,0.0
-0.015902709807846804,0.15820343407521403,0.0
-0.045024552808096516,0.1370261530202773,0.0
-0.016924860157511528,0.14078970364532023,0.0
-0.021446762931986996,0.14260741889131623,0.0
-0.04554599175605745,0.13047325811328392,0.0
-0.0240545635961098,0.17942656716532687,0.0
-0.038825276009409514,0.15113898799938852,0.0
-0.0463938496229351,0.14684106729324262,0.0
-0.07391989569498492,0.11923387477755418,0.0
-0.05774800627023069,0.13282769435249975,0.0
-0.059895552138300445,0.1333054285500642,0.0
-0.06657387038065585,0.14080015491420758,0.0
-0.08224153669497507,0.13115584356929352,0.0
-0.08937569633549933,0.10606848662841155,0.0
-0.08658852566914751,0.1325065031721806,0.0
-0.13792356533125866,0.0865371216169327,0.0
-0.09947300311618316,0.12109546814732161,0.0
-0.11936051083030938,0.11380625717360242,0.0
-0.15913934563798193,0.1038585007980449,0.0
-0.13227696607316375,0.10136799753392249,0.0
-0.120885811125504,0.12361943015548604,0.0
-0.23103305706039617,0.1184445620575995,0.0
-0.1418345868207401,0.12255370997612167,0.0
-0.16813044571601193,0.12000364169940289,0.0
-0.1543895326041896,0.1186910851885159,0.0
-0.19089820422190468,0.11745285389205644,0.0
-0.19792872387161728,0.1154513885050316,0.0
-0.17842649874069139,0.11398838213665385,0.0
-0.2081871295824082,0.11261595850934707,0.0
-0.1970628031372712,0.1115031463361523,0.0
-0.1988379598666749,0.10681279218924071,0.0
-0.21026712870622077,0.11056792878747501,0.0
-0.29131035169408886,0.11214135424921778,0.0
-0.23601234009144417,0.09687152243647765,0.0
-0.29001444938927534,0.09171396922956396,0.0
-0.26911042306873395,0.10555450310458052,0.0
-0.2923439323078962,0.11002571078364554,0.0
-0.2948906967631615,0.10207441936103123,0.0
-0.2847857343354576,0.11114318639708169,0.0
-0.32312563388975,0.11950911971325695,0.0
-0.3152098441252823,0.13240094891576368,0.0
-0.35917218984119853,0.0794989566846501,0.0
-0.3525691313119713,0.061226913424642745,0.0
-0.3224669689212571,0.10893771182433436,0.0
-0.3350893556510452,0.15604809438703646,0.0
-0.31887237679484315,0.11118241577700398,0.0
-0.39939477492604664,0.08336486704128751,0.0
-0.3497911784066332,0.11987648011597685,0.0
-0.366716937353336,0.14739852289504068,0.0
-0.35538957798830023,0.09255388072138734,0.0
-0.39873491316342324,0.1275557190751897,0.0
-0.38566135231121734,0.1054699730379601,0.0
-0.4097695701579104,0.11418039228914267,0.0
-0.41300368805726373,0.11584110754701746,0.0
-0.37043692814601553,0.1814309994126499,0.0
-0.4996627787486811,0.05777751992942134,0.0
-0.45302541545642805,0.10480630407319799,0.0
-0.43886921640800364,0.11071239816828893,0.0
-0.5306003947301482,0.18292588195976123,0.0
-0.3283345361827136,0.14031477760691285,0.0
-0.4945200985465211,0.09855657737697736,0.0
-0.4763969563758982,0.12695554143059934,0.0
-0.4891825609860234,0.12255783525461084,0.0
-0.49955638271133773,0.1273395787521281,0.0
-0.46718584386316786,0.22034832499476428,-1.8947806286936007e-11
-0.4867416130181823,0.15770907747831114,-8.209137073815025e-10
-0.5133166558138669,0.15854358919256129,-1.5220715946876833e-05
-0.5207018635294011,0.16146366644136378,-6.956907820191797e-06
-0.5287044373858407,0.16493632326349447,-1.2505684784021772e-05
-0.5338635325908097,0.160609504891814,-0.0005251848672097974
-0.5350004747318357,0.17090122599938695,0.0007701129713192738
-0.550965990587334,0.1777137882565209,0.0009711303367983722
-0.5582827679091906,0.17532907130780967,-0.00019749529656110099
-0.5746582199193995,0.18008680744875014,-0.004423959107195212
-0.5411103788522572,0.19402914424280956,0.022609584624907107
-0.5718132684682095,0.17598664406790476,0.008819412136536661
-0.5879584924997516,0.1722976551387016,0.0013069647413506877
-0.6139488168377246,0.1576260524539445,-0.02758258704555298
-0.5917328009118705,0.18400366387680833,0.019678451129342044
-0.6335427519208755,0.12697585376978776,-0.009924572597697079
-0.6146483992021483,0.19510653579715154,0.0006302934579593966
-0.622266944446892,0.2009473353027147,-0.00012923759271643576
-0.6353622392604545,0.19660616687341798,-0.00042614155688625033
-0.6441580768902593,0.20030053145916327,-0.009245165832301913
-0.6401247074511692,0.19548540499035502,0.0037925629437533344
-0.6561763798217157,0.2223969353030005,-0.011777696878804516
-0.6809875978888158,0.1751798207957715,-0.013776309919914336
-0.6712195712959594,0.20506919852560185,-0.0012178563792986097
-0.6817883413660297,0.20902386188481614,-0.004697964780575603
-0.705084547285632,0.19655965257262173,-0.01486963688250853
-0.7115930616871917,0.1886854258572157,-0.005731361183336503
-0.7232751090668899,0.18276324465205107,-0.010545622444624314
-0.7307248577793265,0.1892089997629872,-0.036556150272796614
-0.7792152950339453,0.1416700061251201,-0.032634045055601746
-0.7664491176531859,0.10257341511987761,-0.021456587117067254
-0.7818780976549533,0.03766684195246247,0.008144069271054377
-0.8074304572825024,-0.07832525749194019,-0.030706583174833213
-0.8270939752918594,-0.15024537958652218,-0.009033361139643148
-0.7968570110833184,0.15990052990370413,-0.01077417300621164
-0.8088588320134704,0.1792892225263169,-0.00689370433046103
-0.7805675091835459,0.1862745848228542,-0.0035031087136871975
-0.8196244632472371,0.19380589424145,0.0018773893216916804
-0.8436111022926223,0.19145130853672754,0.010143795066142047
-0.8774165523467067,0.18828868678610888,-0.020646514371946978
-0.8471217416347562,0.1972785451646549,-0.01214337611230576
-0.8706285678954373,0.21541463254663995,0.005063745334155101
-0.8661220969595245,0.2101789337984883,-0.04344296039325476
-0.9047435231522627,0.22439358478247112,-0.01058801048117175
-0.9180753180795402,0.2086607920674055,-0.017478558535799493
-0.8938130385511538,0.22202872071375168,-0.007104538453006626
-0.8981784383702045,0.22641538168954867,-0.01495339974013632
-0.9722102173176003,0.20563563601996293,-0.03014481440762514
-0.9738411365053897,0.21726778243191802,-0.01139763260956291
-0.9309573954524808,0.238180004102162,-0.019849404187273954
-0.9787033828464095,0.24089463632511374,-0.015686329991145463
-0.9748424282131889,0.2450936962707336,-0.017865727108793788
-0.9859911278274088,0.24802198879569914,-0.01911070576928372
-0.9971308105354145,0.2523161791463243,-0.01771892933296234
-1.0068795970838096,0.2568324587296426,-0.018277757628008356
-1.0169848008492486,0.2599782847156007,-0.01922924147663707
-1.0302649407350373,0.2635653176966457,-0.022302505562758295
-1.0376002470849244,0.32940983061896156,-0.03941133101979707
-0.8639699160160793,0.389588954678762,0.04443207535587135
-1.2616936016153584,0.2498523113369326,-0.25094710677961984
-1.0217237698824988,0.334575894183331,-0.001646250249602114
-1.0868049048696093,0.2991642373520639,-0.03931144293479368
-1.0586301753444143,0.31297764078554263,-0.05079454035694653
-1.0954272621323944,0.35057606454671486,0.009588212922058878
-1.1189671538559764,0.27189693961796974,-0.0645942178479686
-1.1075930917617902,0.3282626612668575,-0.022518393065240616
-1.1211148168589111,0.3150400436624068,-0.03561949577317591
-1.1313101708765316,0.3175175902721132,-0.03713409086666768
-1.1086724446030871,0.31439406188837893,-0.0017146960416880574
-1.193105913519806,0.3162990453423239,-0.05687154744767516
-1.1574433356779916,0.22495049982893534,-0.0702890728362604
-1.176722112770771,0.2725307698104492,-0.06117881039481669
-1.1852021945315983,0.3339359673314372,-0.02458346570080039
-1.190891204133493,0.31824050389180536,-0.046621735994752576
-1.1729307296439138,0.33411318251334404,-0.03739265077390049
-1.198382248074381,0.3300844861589288,-0.0341894531430853
-1.1985285430000658,0.3573849273332523,-0.01647317371104388
-1.227783681441963,0.33614390233414804,-0.03766278325656458
-1.2353139592534035,0.31501714852311125,-0.052095190514952115
-1.2628785094013515,0.28092383534972976,-0.06753801118151159
-1.2481373291720388,0.3253360518759981,-0.06132960879767779
-1.2640610591210097,0.3349469456376634,-0.04102286498503342
-1.2782014058023115,0.3254156851350369,-0.0598831702390612
-1.2897701271867845,0.3143431660215394,-0.05274585683139321
-1.296383325754865,0.32520152534374347,-0.06944180069676047
1.425594165656463,0.0,0.0
1.4251985089420791,0.0019690670927256333,0.0
1.425181331310199,0.002107094358905215,0.0
1.4251591393147578,0.0023149544413551366,0.0
1.4252082141659628,0.002434482275740872,0.0
1.4252133261616489,0.0025627114460746725,0.0
1.4251270449866147,0.0028384371219658533,0.0
1.4254270916516987,0.0031543081737102816,0.0
1.4251191082514936,0.0029905885777263093,0.0
1.4251010616575854,0.0034150055512327526,0.0
1.4250235502368962,0.00349194920232776,0.0
1.424938063138607,0.003735232856409236,0.0
1.4249446371024987,0.0038247775007012783,0.0
1.4250572715380847,0.004014965160810865,0.0
1.4248400124148002,0.004247923281752719,0.0
1.4247887477518855,0.004320975393786361,0.0
1.424918024645668,0.004572897840423215,0.0
1.4249411708677922,0.004727031978054205,0.0
1.424927401280248,0.004968858086347913,0.0
1.4249107953221578,0.005138313049239211,0.0
1.424812112712696,0.005162234905261206,0.0
1.4244209586799172,0.004963358244462294,0.0
1.4249364895974281,0.005642838137731587,0.0
1.4246665488938013,0.005567800941482423,0.0
1.4247967648105468,0.005870375140422842,0.0
1.4255067075716,0.006388136342394546,0.0
1.424314769446274,0.005503065043654942,0.0
1.4247541881537984,0.006234794155091095,0.0
1.4247355132077644,0.0064213363361413185,0.0
1.4247775488248258,0.006711362252550165,0.0
1.424663337584775,0.006034336865686404,0.0
1.4252520578362275,0.005915165732280533,0.0
1.4248045771398192,0.00963195183866598,0.0
1.4245672418797521,0.01254517328656372,0.0
1.423959296739715,0.01559462870754184,0.0
1.4251421366464476,0.021206696841839328,0.0
1.423917679315423,0.02382270099587913,0.0
1.4253864768096018,0.026238825499310302,0.0
1.4248022571472063,0.02973268701798778,0.0
1.4247727375324835,0.03367995147982583,0.0
1.4242432589211282,0.036709071246339896,0.0
1.4247050768998313,0.041673461362042495,0.0
1.424660487858631,0.045351714181881185,0.0
1.424091958402111,0.04934616253441012,0.0
1.4244149973135243,0.056253027850535396,0.0
1.4245216593989105,0.05969949539471979,0.0
1.4252384371912306,0.06448599588229817,0.0
1.4241875975367673,0.06653462769203126,0.0
1.424626052313016,0.07058420141087633,0.0
1.424549578364065,0.07503418221569784,0.0
1.4258040190573715,0.07856944076346888,0.0
1.4236119999741468,0.08254882270624839,0.0
1.4254385404742702,0.08632218586204962,0.0
1.4244379107308212,0.09332207358880851,0.0
1.423102153329836,0.0907010309497025,0.0
1.4252787720235935,0.09891353295993592,0.0
1.4247418246005359,0.09909522506461599,0.0
1.425145040804902,0.10276409882502928,0.0
1.4242755389332729,0.10483935347688582,0.0
1.4222089782776948,0.10582369972193344,0.0
1.4234830386421038,0.11075606978891983,0.0
1.4235056851563381,0.11287923616597104,0.0
1.4256973488222968,0.1148001409698433,0.0
1.4251387739252646,0.11571064963741644,0.0
1.4245881510949707,0.11744221191136717,-1.4447702293788705e-11
1.4242942197140471,0.11586261225507619,1.3774275942068925e-06
1.423869423868022,0.11320686658014742,6.957297434458573e-05
1.4236728512597572,0.10821511809335031,0.00010905781569666337
1.4238771233349232,0.10429932382152174,0.00018150194189085295
1.4232085443140363,0.09639859405960276,0.00032638137691757646
1.422631931544771,0.0876441554671222,0.00048386287782401877
1.4225175185359262,0.07528783614934773,0.0009704826280672781
1.4226106202087863,0.06320890949496061,0.0017485282929404398
1.421993355509225,0.04929489749940785,0.002064040475128574
1.421713624805676,0.03646840118799825,0.002639487182894603
1.4212822145059554,0.0238054882930309,0.0037742177880772942
1.4207057282227709,0.010473630721226831,0.0033783575534111305
1.4204476641767865,-0.0014810351705326261,0.00433901164574498
1.4215163928492796,-0.011570960543375957,0.006095251118409806
1.4200289342400179,-0.023067681444643995,0.005747418238873555
1.4204909431801602,-0.03377519934299282,0.007178286559887208
1.4193039607559874,-0.04229916373266936,0.008236996496198875
1.4202268048241726,-0.05082692174032862,0.009716111475436644
1.4182932484312498,-0.060693497417692775,0.010407024928819435
1.4177234933865654,-0.06969952686309475,0.011085321741669912
1.4218135203880897,-0.07232956923862352,0.012246007369280203
1.4191839843154717,-0.08095016930316964,0.013030224966096664
1.4199100952396293,-0.08698659064213152,0.01408918779712091
1.4200416351023648,-0.09320247251001965,0.014808984026141541
1.4191998360457112,-0.099054201834529,0.015965176301809457
1.41722216656864,-0.1050856561770767,0.016594755976010827
1.420043330038586,-0.10957453485929136,0.017759491360654543
1.4181605598958906,-0.11496084404356566,0.018749838551930985
1.4179765036641832,-0.12007894237626715,0.019381375207908984
1.416694165082788,-0.1264410262782197,0.020433899841047303
1.415100460645391,-0.1316130205457474,0.021445542842002396
1.4181108135974323,-0.1313959779006761,0.022336559230495823
1.4158570927508645,-0.13750793010771645,0.022780492322027612
1.4159516357421373,-0.1408531482042008,0.02323834558168869
1.4157844171570844,-0.14368182946806013,0.02455959071265094
1.4167177371239368,-0.14447076862798744,0.025693232363958412
1.417621375455506,-0.1487380469382534,0.026655062533838723
1.41574828597039,-0.1535475636072666,0.026780992980235396
1.4162428139807541,-0.15418577874607803,0.028776370834056784
1.4161736665596911,-0.15540888311681064,0.030649139341913195
1.4113446976909454,-0.16495683611310596,0.02695518437813386
1.416113918837662,-0.15857351799416128,0.03317286110160467
1.4140971810187846,-0.1634642459796017,0.032325180627405345
1.4149505049969,-0.16358517809654435,0.03465997442878196
1.4164418812401418,-0.16477805513517296,0.035448230523845346
1.4150538505598813,-0.16677972747795405,0.03492428861733288
1.4154114757751302,-0.1684259624134654,0.03873549979995043
1.4140533953432548,-0.16895760371653523,0.036991256744774624
1.4119327476703822,-0.17590764549145396,0.03734622248951307
1.4137111817258112,-0.17277355700097513,0.03918265370638589
1.4121718035463953,-0.17447350811086912,0.041147299502123744
1.4140691267418979,-0.17347892417779084,0.04053233071132922
1.4124672153073448,-0.17744745572111736,0.042674434478821396
1.414158965164821,-0.17702939018396555,0.04419823113342621
1.4121996924195912,-0.1808832868562149,0.04297547682199365
1.4135097092271565,-0.1790980537265341,0.044772287456377555
1.4129263537744428,-0.1817495836434091,0.044433554045042456
1.4123071307864166,-0.1868211507786081,0.04882410021404364
1.4119440785757813,-0.1893225404970167,0.0476014334293969
1.411227794487265,-0.19621252695737706,0.04909305899474248
1.4112747633184597,-0.20424497916759304,0.046696115129189295
1.4082893324354493,-0.2118243572804583,0.05439134388514807
1.4090247818063044,-0.2120925516936249,0.05343783843609155
1.405777288482568,-0.21881161069714494,0.05110838818633094
1.4076241636450013,-0.22260482565386042,0.05397657669424424
1.4062153539358728,-0.22817145428319918,0.05450081118093901
1.404235742904092,-0.23680685922376674,0.054031249574630166
1.4062529707887943,-0.22901650204876964,0.05928967357415142
1.40576293234768,-0.24660735944100529,0.05681073689913774
1.4022171729183224,-0.2555909143242256,0.05808191252943592
1.4047553284541436,-0.25995206053034775,0.05833786057086362
1.4050593492690666,-0.2652170449655008,0.059125550632188606
1.401131558945205,-0.2675026950321069,0.06066833748832323
1.4001756298320345,-0.27501948126129605,0.06084749254640087
1.39778860273078,-0.27971802536631196,0.06202216782540404
1.3990813461738583,-0.2861388600630714,0.06229190881394213
1.3956918065195132,-0.28506899465151986,0.06406650181295012
1.3946278580064586,-0.2903393246903363,0.06496438032878397
1.394152108078591,-0.29091540985651443,0.06649386011735223
1.3924460445627083,-0.29246171347357597,0.064285113926843
1.3927117631309236,-0.29461836974462585,0.06455391687367751
1.391373845229301,-0.29541345430956767,0.06551654157883983
1.3962693428271205,-0.29442821222479176,0.07146488051787969
1.386113272717419,-0.2960776674510631,0.06403278316729674
1.3883847998511576,-0.29397658114973524,0.07029844531487583
1.3854979612212048,-0.2961688532288065,0.06778702924137292
1.3833059362378701,-0.2966901354767515,0.06856534520262396
1.3825779371311835,-0.29674137945837253,0.07028313076133941
1.383470253341083,-0.29562280977207445,0.07097333609943728
1.3824708330434514,-0.2962825172654486,0.07191163264460936
1.3828472748078489,-0.2940792531911522,0.07387172119829681
1.381900186587141,-0.2949863496328457,0.07370648666669885
1.3815190884571393,-0.29511047192064177,0.07441209888033504
1.380632887838355,-0.2955843064841683,0.07495190123426218
1.3820204612777331,-0.29317211657253023,0.07790177692375741
1.3812002431760582,-0.29378692299933584,0.0787473939366142
1.3814203995967964,-0.2926943732852294,0.08031908746914951
1.3807795177614917,-0.29321010050461876,0.08144064306610707
1.3787644654676967,-0.2941052052167474,0.08067805371349361
1.378358618456114,-0.2932504596875182,0.0816260960355919
1.3796873180102884,-0.29046923415876336,0.0844759535046554
1.3743029790376227,-0.29501506089815166,0.08047077477423652
1.3792074504247391,-0.2926105960926388,0.08686669253895238
1.378934691537855,-0.292776053838395,0.08801833905422995
1.37617285151516,-0.2939620884054269,0.08676247860866701
1.380374738846039,-0.2872364000438665,0.09238540588611954
1.3801963903288104,-0.2901329570766128,0.0931895682064976
1.379180938291332,-0.2868943673092872,0.09391534158093388
1.3756301502368729,-0.29160045284702585,0.09243759456272946
1.3767214700112145,-0.28843590995748514,0.0928838498163979
1.375479674811686,-0.2904844430316208,0.0959338783104613
1.3746916445140775,-0.28906078590438256,0.09555551069150663
1.3736538402712977,-0.28977979592307673,0.09402097841804866
1.3735369179170696,-0.2865682231655361,0.09806725189799674
1.376217557494878,-0.28659686779780225,0.09737433174853058
1.3769096235845288,-0.28684952646595246,0.0974428030374952
1.3762888625810397,-0.28457352582383544,0.09981480920894607
1.3758634217220826,-0.2893038729723685,0.10030231966169367
1.3757150939492628,-0.28043066487578966,0.10071049150942221
0.0,0.0,0.0
-0.0023784725347771505,0.039186108873915756,0.0
-0.002658310601570217,0.04142603405152083,0.0
-0.003098579945988907,0.04659350737578431,0.0
-0.002226806802241299,0.04885258285488211,0.0
-0.0003920576565027053,0.0502546769903726,0.0
-0.002318829262056473,0.05617758444032006,0.0
0.0073662580338880925,0.06177401913494881,0.0
-0.004874384362096862,0.05665632749582983,0.0
-0.0017769366924843175,0.0637911720360762,0.0
-0.004915386923206219,0.06534988605343037,0.0
-0.0076385288205453135,0.06885474846948607,0.0
-0.00625330014543124,0.07013122444069117,0.0
-0.0036536640351414462,0.07323598060130129,0.0
-0.010103567774422118,0.07771522549830934,0.0
-0.012466533639591642,0.07312586497031741,0.0
-0.007313757066640392,0.08077454334719884,0.0
-0.00614280558390116,0.08389498829804629,0.0
-0.0066811936051180965,0.08601239521037012,0.0
-0.006746957391593848,0.08839096936886412,0.0
-0.009131625922501978,0.08917471832414019,0.0
-0.02175030154016137,0.08252068364621816,0.0
-0.006929303973871963,0.09655517073478374,0.0
-0.013332302847857136,0.09342363144545138,0.0
-0.009880193109286969,0.0982217501359628,0.0
0.011929797362123889,0.11148826363106916,0.0
-0.02135290886447668,0.07711941707289802,0.0
-0.008529689611691538,0.10252976483779246,0.0
-0.009946649312079597,0.10470019151398446,0.0
-0.00845834282188207,0.10868530526124687,0.0
-0.011583058684057809,0.09166776603327284,0.0
0.006616386637385101,0.06629239941844389,0.0
-0.008519572026936355,0.10461673402536084,0.0
-0.018495614888062544,0.10315555478067988,0.0
-0.04338781555001485,0.10647782400212691,0.0
-0.006829343899994456,0.12794440225907996,0.0
-0.05224589279559193,0.09449387432691007,0.0
-0.0027194807396805727,0.1174665049139397,0.0
-0.028683171377489696,0.10235432525481278,0.0
-0.03163801035460286,0.10470060117787247,0.0
-0.05138198586488822,0.08528553479436596,0.0
-0.0420339182293598,0.09763237934805602,0.0
-0.04848174808766241,0.09480758768631858,0.0
-0.07221925441551018,0.07303503840224343,0.0
-0.067251575343145,0.09802012294812812,0.0
-0.07354920445076611,0.09359673511066073,0.0
-0.0560704184020248,0.1122141001133059,0.0
-0.0861992850597441,0.08712961545143116,0.0
-0.08501089045959513,0.08580215716070447,0.0
-0.0930196358003362,0.09973477463252797,0.0
-0.06353731023693854,0.08052828209486051,0.0
-0.1207861882647876,0.08848137115270069,0.0
-0.09339281821970266,0.07221515443234239,0.0
-0.11117752943429575,0.17874326238143112,0.0
-0.15872622160202354,0.006551733968270431,0.0
-0.11314618361287407,0.14183947723722667,0.0
-0.1403394562913718,0.08947957039424637,0.0
-0.14088168942123502,0.09466471540993857,0.0
-0.15823923114908212,0.0895110954388656,0.0
-0.2281088697420349,0.040001441492639365,0.0
-0.23471488999102047,0.11078793342752155,0.0
-0.24811011797964966,0.057864502429083586,0.0
-0.19757702790457188,0.08857278321462067,0.0
-0.20492672686221644,0.08704247315165503,0.0
-0.2210243767611549,0.08844112241774837,1.0099180750936891e-09
-0.23070694976468076,0.10239410611158443,-4.9075853780777834e-05
-0.24398235035505422,0.09803365787774965,0.0015297001018173737
-0.25042606885487356,0.096464919522532,0.0013035131274818923
-0.24348906778281315,0.13690105241626802,-0.00012737679829418388
-0.2670089432721549,0.10060414788502689,9.541218351690381e-05
-0.28304338070483936,0.0877979201220569,-0.0032514913641534804
-0.29056762916657897,0.062036704453779144,-0.002448848565942778
-0.2930816482878148,0.05597722042030758,0.002349310465395623
-0.3067837233800219,0.09424718237861877,9.148139857491819e-05
-0.314655243641937,0.09905120514872578,-0.0008118391538876798
-0.32352743987000093,0.10495448952288675,0.013306129946499823
-0.3485187999861713,0.09245288174497546,-0.015255922821211243
-0.3508384626229599,0.09878722314908828,-0.006190508770487213
-0.3343624120854353,0.12430983379185061,0.009738819837442255
-0.36578610061326344,0.10877490679016925,-0.013113547412520651
-0.36007477912865704,0.10518781587336434,-0.0038712241547500525
-0.387338058531365,0.11406644162927175,-0.01104406598813057
-0.37323041937042944,0.12140205296873319,-0.0023699811701286917
-0.43194227420902587,0.08079331380201893,-0.005886997157252457
-0.4645698941014113,0.048001776374917426,-0.009262655806689207
-0.3913776700414928,0.13466288919516956,-0.006187037229210546
-0.43246418425724187,0.11443635988446962,-0.008069744208683005
-0.42461324154695984,0.12799859449520076,-0.005484141196158514
-0.42227387165117614,0.1365699052181905,-0.010677675511298428
-0.44173591005668794,0.1458100882132385,-0.0043918140714064675
-0.49414257010672225,0.12888789182075774,-0.013928959693506235
-0.4398916178795768,0.15279027005306034,-0.009856805718300166
-0.4713108993361933,0.16167959737837617,-0.008855881674207922
-0.4711758413880792,0.17944376308302407,-0.015859105979150932
-0.481772134194595,0.15312870104082776,-0.01168210807615348
-0.5219822230941418,0.11382243789341828,-0.009726482365598107
-0.47294982697868215,0.19571192095497736,-0.01469232061405516
-0.528811602919177,0.14541526511303954,-0.029305493259812465
-0.5199319824479669,0.17113340642443595,-0.02180612842816269
-0.5331487404996931,0.15947942508394894,-0.01648093274297935
-0.5244613793517299,0.19814848193201823,-0.009090580520402607
-0.5173363322863149,0.17764101047153721,-0.02394934710423513
-0.5538748029105516,0.13503244612233328,-0.04330184805875585
-0.5397953946404263,0.18819594745593804,-0.0185361520512591
-0.5268976816836357,0.24334820137805008,0.008684450740285381
-0.653269859513254,0.03962582242896436,-0.11488306418148872
-0.5614186712117923,0.21876374367195695,-0.012989736078831509
-0.5976488182701208,0.16542914160121808,-0.04070332510650587
-0.5914305224081318,0.1944604567948242,-0.017681436292112572
-0.5656010769589178,0.21726425805089397,-0.022705998730998544
-0.5962376327232732,0.21033014351417023,-0.06095281193173226
-0.5764687591323536,0.2390230550550617,0.01531828520550486
-0.5991494228396732,0.26102072512704433,-0.04050588873667493
-0.6368541780072217,0.1611660028913775,-0.05037018124482984
-0.6270650982287407,0.21769704328467773,-0.04510321239573993
-0.6720291548845125,0.20603326494968618,-0.030911123487461133
-0.6407095165741339,0.2532715897700655,-0.0611815684881852
-0.6761013459339438,0.2168567091814566,-0.04550729872505599
-0.6484323604922793,0.24420856664733037,-0.026278886183680093
-0.6969002131749373,0.16036404659587333,-0.06400585448981626
-0.6809523698620978,0.22870633277231417,-0.05798959681915979
-0.6923775877936578,0.2313223087194653,-0.10926784832084499
-0.70290347892031,0.22051701494660847,-0.039311082673521014
-0.7083925748114932,0.27421051970577537,-0.07432166050781083
-0.7158049575584376,0.24786287486998998,-0.06476434795198809
-0.695686927435683,0.2611923350864724,-0.17746371661265434
-0.7428333646354683,0.22663404529813155,-0.024834499104523882
-0.7251631802527452,0.26185195223907465,-0.05025842684365974
-0.7813245862034062,0.2318804369432807,-0.09659064658649186
-0.7594277047549743,0.2518707564528692,-0.06820949620400067
-0.7877080151388327,0.2487332776202796,-0.08249899676494958
-0.8444428681599447,0.1320530326571164,-0.1366745847860784
-0.7941451687353644,0.4347352765175098,-0.03383772802105038
-0.8046376241784022,0.2532537783082489,-0.0923544147260221
-0.8993821861433087,0.21167224550329897,-0.09257349754913473
-0.8421588009232058,0.23597167523140192,-0.10738087827538342
-0.8156657814690031,0.22111249919305465,-0.11910149140703652
-0.886061806941522,0.24102817427357576,-0.10833617252122471
-0.8845486122481816,0.22300501405633594,-0.1253856399898723
-0.9180802360020834,0.23773127559157578,-0.12720430148931428
-0.8499126882384189,0.2111729027973297,-0.145962395265542
-0.922126320466532,0.26778863349363746,-0.147875595403472
-0.938075055785248,0.23548689302401726,-0.1545966342812714
-0.9410833632851261,0.228974397505984,-0.1382392722585261
-0.9697546619671964,0.23780582345504325,-0.18070996977333684
-0.9678870493672775,0.22236566827681753,-0.189866867237735
-1.0104932517521092,0.18311153716960388,-0.22762412865233728
-0.8327147095315013,0.24468812836175857,-0.1058185560509628
-1.0123303588263375,0.17118637717032925,-0.24654284968335105
-0.9401945452765403,0.2790125771014118,-0.15044225671090317
-0.9790735983870036,0.26335474844548423,-0.1646758525699473
-1.009135134842154,0.2748093329254668,-0.1726638698376822
-1.0284261688174943,0.27161650936875503,-0.1636967409822887
-1.0193095613113694,0.2804389309356263,-0.17172607517845034
-1.0444022006036373,0.27492676872498123,-0.17510350208264452
-1.0509956600671444,0.3080272432309054,-0.15836152824183122
-1.068838048051172,0.3080890510635944,-0.1780224680421346
-1.0820599181390853,0.30255606894655784,-0.1871250978903542
-1.1148199965684096,0.2912480229610992,-0.2144663574834264
-1.090911545702511,0.3210081183183888,-0.18122709904986323
-1.0981978100645051,0.3184058626918803,-0.17821361024061844
-1.0854448094117213,0.33919010965301294,-0.1590027788315259
-1.0884297021538223,0.34108136820047247,-0.1486353824148523
-1.1289445296696954,0.3223967812132855,-0.18770843745888519
-1.14293397266844,0.3337733626518495,-0.19475555601265646
-1.1155063852470448,0.40151791029690764,-0.15923890804809088
-1.2486678963838926,0.2963916678666578,-0.283902988396297
-1.1724131877789055,0.3438660714446466,-0.2005385214327286
-1.1907691124150688,0.3219834009466164,-0.2113595303209574
-1.270258159485612,0.27201055689213643,-0.28399749636586574
-1.2028506476373955,0.37281852588174996,-0.20497116212112587
-1.190915499313879,0.34381430483184283,-0.19693792448075936
-1.1967182404333698,0.400856345707723,-0.18821008094012845
-1.2393514053376484,0.3433337144670645,-0.21105511401250018
-1.2318316729472183,0.3808035228364778,-0.2287862799586075
-1.238361907989353,0.35633264783664725,-0.19277617475523812
-1.2577669619607454,0.3749755401637837,-0.21121149631445255
-1.3049653668668764,0.3366296440139157,-0.26133978510263967
-1.3266045698841822,0.37624492138235155,-0.19176671186282118
-1.3052839715579505,0.3686881114125148,-0.2245470179398505
-1.3077104954329382,0.34558101716915723,-0.24657855736715345
-1.3267107258532937,0.3963614764629142,-0.20990881324678412
-1.289692373190121,0.27252598862853955,-0.17838271513568316
-1.3161385926423463,0.3874511799163353,-0.20864403110323337
