temp_C,time_s,current_A_cm2,V,reversible,activation,ohmic,cl_ohmic,concentration,active_fraction,cathode_lambda_mean,membrane_lambda_mean
-20,0.0,0.006,0.7894945201972352,1.2587384694496817,0.46446745793059485,0.004775216818644142,0.0033622279974802405,1.2745032074894405e-06,0.045703127958161026,2.999999999999999,3.0
-20,0.2,0.006,0.7884015228141099,1.2588133957245256,0.465561286510444,0.004849311659325261,0.003429017603912828,1.274740646455022e-06,0.0449178000035875,2.974142772221535,2.9916582831756604
-20,0.4,0.007,0.7801742078443242,1.2588138025555557,0.47292285172297627,0.0057152557188675426,0.004048336415215189,1.4872693877155346e-06,0.04426643940488288,2.9525054250422986,2.977196738102974
-20,0.6000000000000001,0.006999999999999999,0.7795575614943971,1.2588160676482474,0.47349132342937855,0.005765695458438107,0.004086938324461475,1.4872660336862204e-06,0.04370195458074458,2.9336161611323157,2.960247396425662
-20,0.8,0.006,0.7864886306409882,1.258820558313539,0.4673469434057201,0.004983709534898493,0.003533796686132869,1.274731932292001e-06,0.04314350194537932,2.9148104851369814,2.942255556168119
-20,1.0,0.006,0.7858692584896174,1.2588238527718283,0.4679283455580345,0.005024973996115416,0.00356372305838634,1.2747280609125814e-06,0.04258518903036833,2.8958924204013217,2.9238661717628713
-20,1.2,0.007,0.7777349076838408,1.2588251556739933,0.4751794537114746,0.0059093070239138535,0.004191049408645054,1.4872547639969096e-06,0.042077726501337426,2.8785959679396096,2.9053206911528466
-20,1.4000000000000001,0.007,0.7771927161225606,1.2588277464980993,0.47567785446162597,0.005955688662392489,0.0042236953361404475,1.4872515202141067e-06,0.04160940222894555,2.8625489354698397,2.886746269433916
-20,1.6,0.007,0.7766516320515146,1.258830537671674,0.4761750354988533,0.006002382873671957,0.00425649086673362,1.4872476341098328e-06,0.0411482702982933,2.846665214241074,2.8682526541237303
-20,1.8,0.006,0.7836634950252409,1.2588350357817133,0.46998423341173307,0.0051860326285542825,0.0036775031474202383,1.2747161850458097e-06,0.04066619720023079,2.8299666683033995,2.8499147200890484
-20,2.0,0.007,0.7755169556650017,1.2588364502791323,0.477219825836725,0.00609818153890513,0.004324186065489071,1.4872385003746025e-06,0.040196059331035754,2.8135867323334085,2.8317492251586565
-20,2.2,0.006,0.7825514625536526,1.2588405910549492,0.47101930288379523,0.005268550908378695,0.0037357773722920323,1.2747091225569732e-06,0.0397327505290665,2.7973528182870306,2.8137469092714804
-20,2.4000000000000004,0.006,0.7819695037805909,1.2588436173929938,0.4715619620954348,0.005310876811349697,0.0037658707235875004,1.2747056184332689e-06,0.039252444325597685,2.780421335248454,2.7959474100508737
-20,2.6000000000000005,0.006,0.7813944888345667,1.2588463430822154,0.472097224606992,0.005353354938389035,0.0037960480006504946,1.2747022676482423e-06,0.03878335464874338,2.763785018687912,2.778323167070802
-20,2.8000000000000003,0.006,0.7808245523650226,1.2588490108351535,0.47262714656534444,0.005396037205870019,0.0038263487084396587,1.2746989165405433e-06,0.03832434688486403,2.7474088251256883,2.7608688613627157
-20,3.0000000000000004,0.006,0.7802590507340708,1.2588516224637512,0.47315236594756693,0.005438931086546098,0.0038567784978124795,1.2746955673572463e-06,0.03787464796696682,2.731269554615506,2.7435813062784895
-20,3.2,0.006,0.7796975035475742,1.2588541798966677,0.4736733586954663,0.0054820429614048085,0.0038873435527546738,1.2746922225362354e-06,0.037433655849581346,2.715349553036179,2.7264592428407735
-20,3.4000000000000004,0.006,0.7791395186496183,1.2588566844188054,0.47419051110621974,0.00552537997408317,0.0039180512030370105,1.2746888841997646e-06,0.03700086580004778,2.6996342557880126,2.7095017669534833
-20,3.6000000000000005,0.006000000000000003,0.7785850518800654,1.2588591113685474,0.4747038438088369,0.005568940993148835,0.003948901126012818,1.2746864962682958e-06,0.03657602241241197,2.6841178624338378,2.692707743306325
-20,3.8000000000000003,0.0069999999999999975,0.7704130121040917,1.25885976237264,0.48189821591974735,0.006547047144668528,0.004642122370765759,1.4872041323477012e-06,0.03618409379876906,2.669724939909266,2.676059014340985
-20,4.0,0.006,0.7775433513145884,1.2588634306355477,0.4756635315996647,0.0056552730414068655,0.004009540905509709,1.274679887700816e-06,0.03579395988988254,2.6553211922191378,2.659566067628248
-20,4.2,0.006,0.7769889156337558,1.2588659941692089,0.4761760712694706,0.005699732590100422,0.004041039039141266,1.274675882080783e-06,0.03538408775503681,2.6401013274352336,2.6432645568902307
-20,4.4,0.006,0.7764394441279653,1.2588682268812537,0.47668314125397787,0.005744366825330731,0.004072648271549478,1.27467397975653e-06,0.034982178771649726,2.625090755770167,2.627130589634752
-20,4.6000000000000005,0.006999999999999996,0.7682438414982748,1.2588686861284653,0.48387044750422303,0.006752909937313248,0.004787331032360013,1.487188654071129e-06,0.03461207965994735,2.611192894596319,2.6111387897146194
-20,4.800000000000001,0.0060000000000000045,0.7754084533521917,1.2588721564636305,0.4776296336365898,0.0058327948067319335,0.0041347586756727206,1.2746681172136864e-06,0.03424327331397059,2.597270147813811,2.5952964857160388
-20,5.000000000000001,0.007,0.7671955210403956,1.2588727570109393,0.48481890786693727,0.0068568409210459855,0.004860360524073984,1.487182560383634e-06,0.03387987559024838,2.583477148308656,2.579619268586108
-20,5.2,0.007,0.766703818367778,1.258874370906231,0.48526078289407026,0.006908282464515346,0.004896211034130523,1.4871798674515067e-06,0.033543113828705534,2.570630522440177,2.564080851504534
-20,5.4,0.007,0.7662072840625361,1.2588761988217627,0.4857072301390203,0.006960197443761804,0.0049324350137573735,1.487176444528795e-06,0.03320691805585938,2.5577407922759163,2.5487020287789646
-20,5.6000000000000005,0.006999999999999996,0.765707792199073,1.2588779999017274,0.4861562109606025,0.007012509569124228,0.0049689752511281205,1.4871729276360649e-06,0.032872097128904515,2.5448382407527737,2.5334878845993316
-20,5.800000000000001,0.006,0.7728978299458471,1.2588815913006297,0.47992544609633214,0.00605704060679013,0.00429180546986009,1.2746516603766724e-06,0.032514893400323056,2.530998669173338,2.518452840361768
-20,6.000000000000001,0.005999999999999996,0.772338924254076,1.2588838085757232,0.4804392733379977,0.0061043363366948475,0.004325464924822447,1.2746469547663972e-06,0.032140523159146735,2.516409780771308,2.5035966152542177
-20,6.2,0.005,0.7807219960324768,1.2588874833335215,0.473036934331443,0.005127490818911264,0.0036336371920830937,1.0621506903600604e-06,0.03175043307712684,2.501116005487793,2.4889004628780875
-20,6.4,0.01,0.744928504459319,1.2588805041957722,0.503622311257145,0.010327563640171471,0.007317309988856869,2.124839136794652e-06,0.031467596560443546,2.489970854374978,2.4742802879558656
-20,6.6000000000000005,0.015000000000000022,0.7219441345152919,1.258870503295805,0.5213458493740517,0.015577331337150894,0.011027685198359423,3.1880693104609234e-06,0.03140826834267673,2.487639233644992,2.459616727775543
-20,6.800000000000001,0.02000000000000002,0.7043380970412226,1.2588590548586054,0.5336588388452942,0.020857867129212785,0.014745266527184135,4.251842875745485e-06,0.031544206201946146,2.4930262659060545,2.4449503285755605
-20,7.000000000000001,0.025000000000000033,0.6897751408536736,1.2588461117112373,0.5429129600584536,0.026152694623365655,0.01845339690454888,5.316175744420468e-06,0.031855655274182125,2.505293709692034,2.4303721130361864
-20,7.2,0.032,0.672376581570747,1.2588279048617832,0.5529107912319755,0.03353372493564267,0.0236040517370405,6.80712341806476e-06,0.03237182998355808,2.5254603754061624,2.415947592237956
-20,7.4,0.038,0.6595827168159917,1.2588092689365236,0.5593733521950873,0.03984511398511094,0.027964698656022434,8.08594033358597e-06,0.03309555056277103,2.553420345046821,2.401738096159324
-20,7.6000000000000005,0.04000000000000003,0.6562990181055901,1.2587977726380652,0.5605308991294088,0.041959342944917266,0.029359153057856132,8.512458149080794e-06,0.03389211705424307,2.583779368817769,2.387935468401656
-20,7.800000000000001,0.04600000000000002,0.6450692415733872,1.2587786360555346,0.5654490804463073,0.048250521705894715,0.033656115290653606,9.79232994550571e-06,0.03476496055209052,2.616572035834212,2.3746538396923342
-20,8.0,0.05,0.6385282009645348,1.2587609943281863,0.5678006043721976,0.052421542896673216,0.03644663374622623,1.0646094780784288e-05,0.03575247383875841,2.653106520126466,2.3618731486140185
-20,8.2,0.056,0.6287205807297547,1.258738772214049,0.5713471834437504,0.05865908071225266,0.040647069507454336,1.1927328291352605e-05,0.03684886541681184,2.6930036694812447,2.3496251977946625
-20,8.4,0.061,0.6213095284148376,1.2587166043971365,0.5735774142435817,0.06381666605286164,0.04406881163121624,1.29956858556748e-05,0.038069152881047535,2.7366296979278038,2.33789670053704
-20,8.6,0.066,0.6142808221888777,1.2586934462824557,0.5754519419351241,0.06894661751716827,0.04744676806998679,1.4064641285767866e-05,0.03938261660233326,2.7827148763534364,2.326736303032579
-20,8.799999999999999,0.07399999999999993,0.6027707760651265,1.2586623811746322,0.5787231940774814,0.07715263508503423,0.05290527109051777,1.5775946990048865e-05,0.04086357970011058,2.833679582113408,2.316087620043405
-20,9.0,0.078,0.5982253361873535,1.2586371416544737,0.5792408721979021,0.08115430094279989,0.05544878578743166,1.6632326418260276e-05,0.0424763540338739,2.8880234216225817,2.305968917579394
-20,9.2,0.083,0.5922511070389931,1.2586097643952743,0.5801704449192694,0.08617050920240675,0.058669562489667496,1.770323460505825e-05,0.04414794278386215,2.9431487007338464,2.296523114534131
-20,9.4,0.09,0.5835264610132936,1.2585759669488121,0.5818212856912365,0.09320901694820283,0.06324036467489016,1.9203296079187886e-05,0.04596793456866908,3.001897687210961,2.2876888482248408
-20,9.6,0.092,0.5825384815961377,1.2585511933744846,0.5809387512755971,0.09505432805776501,0.06427235215958281,1.963244498475534e-05,0.047851220976997205,3.0613382009444052,2.279548749790916
-20,9.8,0.097,0.5770930870874508,1.2585203601916017,0.5814349806933615,0.09997158739928128,0.06737934487018304,2.0705011508198626e-05,0.0497563866188855,3.1201731857687904,2.2722176562687184
-20,10.0,0.102,0.5718471073390919,1.2584871085726856,0.5817703386561266,0.10484788442249446,0.0704450592433918,2.177815497257646e-05,0.05177982866502723,3.1813460916886585,2.265579865813508
-20,10.2,0.106,0.5681869520569824,1.25845463798188,0.5815836183747399,0.1086614302391444,0.07278628218317573,2.2637311013183493e-05,0.05389737533770413,3.243985646346259,2.259645483347551
-20,10.4,0.113,0.5604827373662655,1.2584139466495154,0.5824173299024415,0.11548973816244287,0.07713299281353267,2.4141218365439003e-05,0.05618360353588147,3.3101613745623917,2.2543460359218304
-20,10.6,0.117,0.5572093278411011,1.2583775421642027,0.5819366707277086,0.11920654210005033,0.07938393333266254,2.5001495342699672e-05,0.05864050342167213,3.379670040151164,2.2496513677765555
-20,10.8,0.126,0.5473389809531701,1.2583283139402928,0.5830260835815622,0.12793631196155295,0.08495692399452022,2.693744400753479e-05,0.06134978520656425,3.45455255558861,2.2455129052166174
-20,11.0,0.131,0.5432247095903836,1.2582848709894974,0.5824866802806381,0.13254546695771402,0.08776733227015485,2.8014160761756893e-05,0.06434656980174094,3.5353259190106607,2.2418627352102694
-20,11.2,0.134,0.5418430692762054,1.2582465463064627,0.5812956064502085,0.13507920959435893,0.08919573586073817,2.8660985689922885e-05,0.06742576153840536,3.616190236063018,2.2389849720486135
-20,11.4,0.143,0.5327455634599382,1.2581924075719988,0.5818369355455663,0.14357930803462982,0.09456300779719057,3.060053186449138e-05,0.0707556534023763,3.701460727533977,2.2367621817608976
-20,11.6,0.144,0.5342228468218786,1.2581546318064105,0.5798931933680898,0.14400777442128956,0.09459901668987584,3.081719515265639e-05,0.07425659456616678,3.788771195398195,2.235215985673933
-20,11.8,0.15,0.5292684559545294,1.2581064215561029,0.5794492863754533,0.14935656739700043,0.09787689551543124,3.211182911969427e-05,0.07783180707570242,3.8756743220353935,2.2345394197249924
-20,12.0,0.154,0.5270070116038023,1.2580597515734753,0.5783582102230834,0.15266155372795176,0.09981627734915777,3.297601863783144e-05,0.0816112103231532,3.9652428977380265,2.2345482188204464
-20,12.2,0.162,0.5198754765627366,1.2580020539051866,0.5782309585476719,0.15986091476189002,0.10430817377588411,3.470403288808515e-05,0.08569423613955278,4.0595609457889665,2.2351282776699235
-20,12.4,0.167,0.5167112949270256,1.2579484445451286,0.5771580328166477,0.16404333130624627,0.10682265350754154,3.5785495208982006e-05,0.09013226588181916,4.159370013797568,2.2361715121190078
-20,12.6,0.172,0.5136729617210167,1.2578947425843268,0.5760432064023736,0.16814170692299762,0.1092774034999973,3.6867537938798525e-05,0.09480476740864319,4.261621916359125,2.2378455617034776
-20,12.8,0.176,0.5119580723362716,1.2578423900536297,0.5746656374377884,0.17118094623803712,0.11104259901903804,3.773404153264075e-05,0.09967824695765308,4.36541647769897,2.2402121247834126
-20,13.0,0.18,0.5103170552051104,1.257789440427305,0.5732976389474683,0.17413614528083116,0.11275749849229973,3.8600993895063564e-05,0.10471897921768104,4.469944966616898,2.2433215573178473
-20,13.2,0.185,0.5075669661900843,1.2577327340408837,0.5721413018765912,0.17798478115043911,0.11506177469734633,3.96848237690896e-05,0.10998983619429391,4.576406495423395,2.247099765770692
-20,13.4,0.189,0.5061030360671049,1.2576770050148822,0.5707332019529093,0.18080021414618838,0.11670293622767365,4.0552848679503234e-05,0.11550305209132827,4.68487906510659,2.2514996193294867
-20,13.6,0.195,0.5023926396483438,1.2576151867904035,0.5697225081865892,0.18545818443038214,0.11954681380478929,4.1854525088373874e-05,0.12132712184627631,4.796500900316433,2.256445503385273
-20,13.8,0.199,0.5011353707215863,1.257556559084324,0.5682326584582972,0.1881458063224457,0.1211207985502856,4.272358199490324e-05,0.12747339150576692,4.9112196293649095,2.261886486254502
-20,14.0,0.2,0.5034020359802397,1.2575063223060996,0.5661870596527386,0.1878742840739952,0.12077368123229984,4.294259912609091e-05,0.1336711076040209,5.0239599021524874,2.26811443121892
-20,14.2,0.201,0.5056648621939704,1.2574576059738807,0.5642752987670476,0.1874742834717749,0.12034343446115608,4.316154108778879e-05,0.13975578426884946,5.132026417785073,2.2753388501388345
-20,14.4,0.2,0.510171594005847,1.2574147376424207,0.5620983389924337,0.18510185784757954,0.11864862897593231,4.294679656050399e-05,0.14561199541516093,5.233797604211184,2.283642786405978
-20,14.6,0.199,0.5145980385011818,1.2573734216298682,0.5600957156406514,0.18263693545254686,0.11690606292381431,4.2732035488109627e-05,0.15112616251681613,5.327807907376999,2.2931001065178402
-20,14.8,0.199,0.5178043405784131,1.2573300374874854,0.5584388355599724,0.1810441272832936,0.11574711063372996,4.273406580636318e-05,0.15637151045163517,5.415721746423638,2.3035575357905724
-20,15.0,0.2,0.5198175706623411,1.257283818239624,0.5570749125127334,0.18034838210100376,0.11518987170378495,4.295296354563167e-05,0.16149010392045418,5.500151273978391,2.3147594418671917
-20,15.2,0.2,0.5228883794854609,1.257240062965723,0.5555748317382506,0.17873389673471282,0.11405846298820513,4.295500729863711e-05,0.16648938533468,5.581390570981919,2.326584472448548
-20,15.4,0.199,0.5269965061367409,1.2571998146885752,0.5539699757881712,0.17619059255932573,0.1123369646453806,4.2740204337387174e-05,0.17124159612786635,5.657610099342429,2.3390975458869354
-20,15.6,0.199,0.5299263733281899,1.2571579655629392,0.5526713475001278,0.17451750254909093,0.11118411881835648,4.2742185530620535e-05,0.17575999251449595,5.729232813776429,2.3522503117172042
-20,15.8,0.2,0.531702277118321,1.257113324839342,0.5516310271559297,0.17373705949561352,0.11062065368185588,4.296106947774017e-05,0.18019737719823306,5.798749176507043,2.3658221159988297
-20,16.0,0.2,0.5345088311987537,1.257070953343255,0.5504228965400793,0.17209626245572412,0.10951630058237394,4.296314869789788e-05,0.18455926504878253,5.866322361383004,2.379723170304414
-20,16.2,0.201,0.5361956946106131,1.2570267194911593,0.5494675634986675,0.17132027935940586,0.10897166717047539,4.3182022472763025e-05,0.1888518657052149,5.93211344502618,2.393918116368602
-20,16.4,0.2,0.539959565048819,1.2569875230958882,0.5481457079720521,0.16883928296079895,0.10733916329025946,4.296711421814918e-05,0.19300733039573953,5.995198640156567,2.4084199367921713
-20,16.6,0.199,0.5436475883161346,1.2569498302243816,0.5469106397048942,0.16634885008470932,0.1056990471407155,4.2752118643495846e-05,0.19688446994030423,6.053635433644569,2.423364945803765
-20,16.8,0.2,0.5451648853422657,1.2569073029166524,0.5461398295076482,0.16555961702163607,0.10515803177505414,4.297104510247351e-05,0.20065036752861953,6.109934742080472,2.438579925781473
-20,17.0,0.2,0.5476692628991591,1.2568667104666404,0.5451773604936383,0.1639771140713846,0.10412051167437367,4.297300245847308e-05,0.20438497217272988,6.165287573588767,2.453906221688881
-20,17.2,0.2,0.5501189392466137,1.2568268391318473,0.544254041695696,0.16241088324377453,0.1030947230627645,4.2974945763156184e-05,0.20801577912932845,6.2187104007094876,2.4693852781987164
-20,17.4,0.2,0.552513249538101,1.2567872844017436,0.5433654567968846,0.1608656011887825,0.10208529990923758,4.297687797551095e-05,0.211548408370494,6.27032926276322,2.4849970398008425
-20,17.6,0.2,0.5548519445961164,1.2567480380956837,0.542509005046141,0.15934410965443258,0.10109426212594899,4.297879899368146e-05,0.2149883697503543,6.320263057820439,2.50071688205335
-20,17.8,0.2,0.5571357284749732,1.2567091084162394,0.5416823569609066,0.15784804229094507,0.1001224196935959,4.298068941455665e-05,0.21834099129405685,6.368623238953645,2.5165195468061308
-20,18.0,0.199,0.5603598294927004,1.2566731122966257,0.5406888359026079,0.15558168131386968,0.09865911085027769,4.2765587447746326e-05,0.22152841938980125,6.414396260338694,2.532456239078032
-20,18.2,0.199,0.5625196066905007,1.2566354828568256,0.5399495270170541,0.15412358172784918,0.09771370606026943,4.276742142159792e-05,0.22456009206108676,6.4577571167208525,2.5485258488079823
-20,18.4,0.199,0.5646206208264115,1.2565976536610368,0.5392295390066977,0.15270472449089098,0.09679975515322582,4.276933703661803e-05,0.2275281239162229,6.499978697891274,2.5646077842688624
-20,18.6,0.2,0.5656957674847078,1.2565576072379785,0.5387250609188293,0.15209379067810302,0.09640626047006251,4.298815633826322e-05,0.2305190672620564,6.54222785191825,2.580595182647238
-20,18.8,0.199,0.5686766181315328,1.2565222663144808,0.5378160524653475,0.14998682271307417,0.09505857527018756,4.277300452640484e-05,0.23344338427414546,6.5833375074987375,2.596528693676481
-20,19.0,0.2,0.5696748534987238,1.2564830861570684,0.5373520954401331,0.14941314533479355,0.09468813353541947,4.2991883417963804e-05,0.2363111335298959,6.623450457812006,2.612435188675372
-20,19.2,0.2,0.5715992969867999,1.2564457019528972,0.5366750003948718,0.14812841085837722,0.09386868342644958,4.299371284825394e-05,0.2392058891235117,6.663669931883826,2.6281991748818316
-20,19.400000000000002,0.2,0.5734838001213559,1.2564089655116712,0.5360174415367955,0.1468647283202397,0.09306062576548338,4.299553328017717e-05,0.24204181639787983,6.702890293054292,2.643899727644588
-20,19.6,0.2,0.5753271199942667,1.2563724909469127,0.5353769418564542,0.14562543175333897,0.09226820684624756,4.299734285289867e-05,0.2448211447468673,6.7411536047060565,2.659540310777873
-20,19.8,0.2,0.5771287873390472,1.256336273362977,0.5347525939449017,0.14441189294126605,0.09149288627790014,4.2999137762163784e-05,0.24754619353299548,6.778503458258742,2.6751158955469
-20,20.0,0.199,0.579816897674201,1.2563028774043954,0.5339480047858277,0.14249519111935074,0.09026794005710574,4.278382501599239e-05,0.250128523609085,6.813836155527571,2.690698498683779
-20,20.2,0.2,0.5805977215683636,1.256265307910064,0.5335822384157576,0.14204234526727977,0.08997864901293891,4.300265866307214e-05,0.2526681103007818,6.84843038274449,2.706222060596877
-20,20.400000000000002,0.2,0.5822728921670045,1.256229401289449,0.5329974543202058,0.1409160503421875,0.08926483490057054,4.300446005128448e-05,0.25525504677066496,6.883434761376813,2.7215499443356883
-20,20.6,0.2,0.583913502109419,1.2561941463811932,0.5324277073411954,0.1398099307152024,0.08856173256621094,4.3006215376502014e-05,0.25779467424066976,6.917667531407163,2.736767710479886
-20,20.8,0.2,0.5855186314756282,1.2561592300310382,0.5318713473117108,0.1387262433594949,0.08787254863308465,4.300788420425163e-05,0.2602871890426379,6.951138759034655,2.751883470243966
-20,21.0,0.199,0.587987991014876,1.2561269494467953,0.5311302368442481,0.13696592908197402,0.08675068031814188,4.279250569712227e-05,0.26264433925286473,6.982769372961116,2.7669748971938533
-20,21.2,0.2,0.5886113008045212,1.256090486652857,0.5308254436319353,0.136610730809138,0.08652620453623056,4.30114072626457e-05,0.26496682290292506,7.013809307650079,2.781979437464259
-20,21.400000000000002,0.2,0.5901069356388813,1.2560557677552697,0.5302994514397987,0.1356063675576884,0.0858921377259926,4.3013118901266453e-05,0.2673463645245224,7.045398247298593,2.796760596173196
-20,21.6,0.2,0.5915727803860161,1.2560216706814966,0.5297860110532144,0.1346198644390137,0.08526716445792494,4.3014803252351933e-05,0.26968485039549767,7.076338557029892,2.8114086464769357
-20,21.8,0.199,0.5938873603292452,1.255990238316493,0.5290862338435574,0.132973844782844,0.08421973657514832,4.2799360846351214e-05,0.27188852996849233,7.105499236718301,2.826016315040175
-20,22.0,0.2,0.5943992880146951,1.2559548058959709,0.5288222633866416,0.13269023635316735,0.08404194870832801,4.301814146683549e-05,0.2740611532274085,7.134141176440747,2.840524394248679
-20,22.2,0.2,0.5957686401081221,1.2559209137642513,0.5283347903884886,0.131774463410936,0.08346518949921423,4.3019856704506905e-05,0.27629809550397344,7.16342834860593,2.8547942278623544
-20,22.400000000000002,0.19999999999999998,0.5971113117354654,1.2558877001770279,0.5278589866068155,0.13087438038068414,0.08289600730706422,4.30214540629112e-05,0.27849563559723495,7.192114928092231,2.8689217605226434
-20,22.6,0.199,0.5992874591824654,1.2558570435292054,0.527195045600673,0.12933173278160684,0.08191535202661412,4.2805964460131795e-05,0.2805588824787297,7.219072330942086,2.8830026660527746
-20,22.8,0.199,0.6005570684821584,1.25582485310607,0.5267689005623868,0.12845607645334284,0.0813592591519672,4.2807608181947314e-05,0.2824969970089789,7.244416232792674,2.8970600173328904
-20,23.0,0.201,0.6000923422453328,1.2557875015945716,0.5267400523722926,0.1289118632735652,0.08165826463173367,4.3243703381062514e-05,0.28461129893728154,7.271732019380135,2.9108092875295717
-20,23.2,0.199,0.6030327163066307,1.255758967868296,0.5258683621696869,0.12681507854281188,0.08032860633704263,4.2810849166604815e-05,0.2866845180752927,7.298463828574606,2.9243554773661704
-20,23.400000000000002,0.2,0.6033815153559152,1.255725302948277,0.5256639510779781,0.12663680686789255,0.08021670594752352,4.302964649097559e-05,0.28862758443013153,7.323545319818864,2.9378869092613376
-20,23.6,0.2,0.6045618470664186,1.2556928582723101,0.525233323143815,0.1258546568244118,0.07972489014393111,4.3031237664816885e-05,0.2906408256439426,7.349344654322366,2.9511823717727403
-20,23.8,0.199,0.6065553400106207,1.255663376846211,0.5246147035842246,0.12445051761573485,0.07883335651692833,4.2815635630863674e-05,0.2925187863318795,7.373460941292216,2.9644169529973277
-20,24.0,0.2,0.60683963293871,1.2556299430960796,0.5244305031382496,0.12431677261346055,0.07875214744368289,4.303440565943913e-05,0.29437081500348455,7.3971687263835735,2.9775396303279704
-20,24.2,0.199,0.6087753711529038,1.2556004396757532,0.5238232902619775,0.12295895942743787,0.07789257070474045,4.2818833434066195e-05,0.2961940034433698,7.420450723867651,2.990497070147668
-20,24.400000000000002,0.20500000000000007,0.6049137630315896,1.2555549003534052,0.5246202397097779,0.12597677310209535,0.07982896927087026,4.412450994236063e-05,0.29851621524707805,7.4494068920367935,3.002876857945956
-20,24.6,0.21,0.6020020770885497,1.2555073886624981,0.5250042254907374,0.12845587228965122,0.08143551105060266,4.52137935598518e-05,0.3019246747315573,7.490787185864862,3.0139632475969695
-20,24.8,0.215,0.5992186683786588,1.2554588428595603,0.5252306262315749,0.13096324443418633,0.08305357730507666,4.6303815140222974e-05,0.3062626669879776,7.542626269194873,3.023877103442642
-20,25.0,0.223,0.5941752719262392,1.2554016510927455,0.5258367068852984,0.13534162460457166,0.08586294680910828,4.8047676636189816e-05,0.3118152149815826,7.607907074900003,3.0324583104268634
-20,25.2,0.228,0.5917007393673802,1.2553483938869858,0.5256728826602313,0.13792563241505074,0.08751958807671166,4.913944432361931e-05,0.31853428714996523,7.685737199656947,3.0397526743114813
-20,25.400000000000002,0.23300000000000004,0.5893551794427009,1.2552951735982947,0.5253976334766622,0.14049212895239788,0.08914663790043441,5.023172653371626e-05,0.3260639512137854,7.77176044986162,3.046249446067394
-20,25.6,0.235,0.5894630081532972,1.2552483784059838,0.5245268722842694,0.141207827664392,0.08957395539410626,5.067030402518724e-05,0.33404966581534923,7.861811670724512,3.0523993233019433
-20,25.8,0.241,0.5865158008705336,1.2551922819729346,0.524311150452166,0.14431334884475105,0.09152106783695144,5.198180548408817e-05,0.3426088455512369,7.9569407238158085,3.0583078222684694
-20,26.0,0.245,0.5852089562374987,1.255137985690895,0.5236414159662763,0.14623475571152916,0.09271433934783484,5.285777559099699e-05,0.35196047604006786,8.059271979814934,3.0637518088594997
-20,26.2,0.251,0.582442879506241,1.2550785743553006,0.5232300460153354,0.14935147789977116,0.09466676994510816,5.4170933953075675e-05,0.362100911697577,8.168459147864588,3.068810631854862
-20,26.400000000000002,0.2560000000000001,0.5805323694023127,1.255019319541124,0.5225481263591479,0.15188355721573893,0.09624534284769491,5.5266563924326075e-05,0.37314234885322745,8.285353718532049,3.07340040556269
-20,26.6,0.262,0.5779482184775759,1.2549566771437355,0.5219409382026747,0.15501093889083997,0.09820002946514547,5.658157264487445e-05,0.3850854257138097,8.409594953014826,3.077595237476469
-20,26.8,0.267,0.5762035278245701,1.254894638247727,0.5210885369839873,0.15754489462929283,0.09977242124067075,5.767880987692128e-05,0.39792959617555634,8.540824598809792,3.081435376220002
-20,27.0,0.275,0.5722924337163224,1.2548239834374117,0.520595044393713,0.1618770716572816,0.10249568955507456,5.9433670094702496e-05,0.4119424656254848,8.681223622501598,3.0847984823483445
-20,27.2,0.279,0.5714479952065872,1.2547603733240082,0.519401640972285,0.1638504235531103,0.10370850110920632,6.031359202569206e-05,0.42698674278226006,8.829066163596512,3.0877601278273645
-20,27.400000000000002,0.28400000000000003,0.5699376223956347,1.2546949935914269,0.5183396773566242,0.166356280701576,0.1052457078019177,6.141313759195129e-05,0.4426742114155607,8.980332290272278,3.0908055994420347
-20,27.6,0.287,0.5699588186117039,1.254633411076769,0.5169753545812739,0.16763716321195438,0.10599359812126234,6.207467183667943e-05,0.458872752018545,9.133634421331745,3.0941051299986317
-20,27.8,0.292,0.5685563599861023,1.2545668063880981,0.5158980857435024,0.17004918520647483,0.10746144773170914,6.317545201858972e-05,0.47560281517767494,9.288988402958994,3.0977441817075064
-20,28.0,0.297,0.5671889599267533,1.2544982214661284,0.5147797940849855,0.17246519051186296,0.10894104597478096,6.427694252663286e-05,0.4931611851061653,9.448849803792134,3.101463385319617
-20,28.2,0.3,0.567319540368891,1.2544338695105672,0.5133785508505821,0.17367083852872506,0.10964319615427842,6.493976236903655e-05,0.51125595207681,9.610562369191657,3.10546351091346
-20,28.400000000000002,0.3,0.5696731308112597,1.254378053963264,0.5116365916840545,0.1730033878986343,0.1091293909963212,6.494356931560606e-05,0.5291280622976622,9.767773709577744,3.1103816652182315
-20,28.6,0.299,0.572782237904995,1.2543265662205765,0.5098800665284272,0.17159953389347182,0.10812877562539125,6.472789368240863e-05,0.5461766734072271,9.915765707859117,3.1167869029626236
-20,28.8,0.3,0.5744445687737202,1.2542711926687784,0.5084989468072467,0.17126272582329521,0.10781379001857991,6.495126451625927e-05,0.5625904113982397,10.056356080022244,3.124576695727817
-20,29.0,0.299,0.5775156839247965,1.254220288414831,0.506922546261125,0.16971732273160595,0.10673971888702821,6.473549730362685e-05,0.5783818020060107,10.190016101482398,3.1335930224745305
-20,29.2,0.299,0.5797922597187705,1.2541684176253107,0.5056416592956647,0.16866975933275935,0.10598594784526809,6.473927811627054e-05,0.5926048376693814,10.315965281414845,3.1438888257109765
-20,29.400000000000002,0.3,0.5811355702429634,1.2541138873292565,0.5047438509517028,0.1681695034922865,0.10559573719844262,6.496264230380303e-05,0.6038431315651079,10.437250724647507,3.1551055439265734
-20,29.6,0.299,0.583799334911088,1.2540640539576369,0.5036959595588377,0.16650401269078613,0.10447167462992184,6.474679692491196e-05,0.6135023502976467,10.552971628809173,3.167204074743532
-20,29.8,0.299,0.5857191243365412,1.254013312655724,0.5028814850848133,0.1653479528111388,0.1036717959347891,6.475042323078106e-05,0.6220828916379786,10.662202845197925,3.1802757636251746
-20,30.0,0.299,0.5875646682443151,1.253962507400998,0.5021559192401683,0.16417716582125896,0.10287269708368108,6.475409525549567e-05,0.6295170686161101,10.76664361785676,3.194098595380266
-20,30.2,0.299,0.589386941329289,1.2539120914904442,0.5014681534192326,0.162992238995455,0.10207132128546245,6.475774646761967e-05,0.6365180676276384,10.866625307283622,3.208576116914193
-20,30.400000000000002,0.299,0.5911756781999122,1.2538620823741735,0.5008254635613009,0.16179617923619755,0.101268288650387,6.476137676277105e-05,0.6429660284342328,10.962442470567616,3.223631228111119
-20,30.6,0.299,0.5929141371344564,1.253812436905205,0.5002408676978026,0.160592667089616,0.10046522810599189,6.476498333010611e-05,0.6486510807003388,11.05437372740202,3.239193569932335
-20,30.8,0.299,0.5946407475848475,1.253763192219177,0.49967215121274905,0.15938552485107635,0.09966407623181517,6.476857050402191e-05,0.6541737630568433,11.142668635175388,3.2552010350641605
-20,31.0,0.299,0.5963530838474367,1.2537143371595492,0.4991184308367935,0.15817805033788618,0.09886651352075039,6.477213743268636e-05,0.6595416450718906,11.227555390530457,3.2715972826822632
-20,31.2,0.299,0.5980127704028478,1.2536658007326793,0.49861489692827793,0.15697335766639048,0.09807425352840946,6.477573516294075e-05,0.6642221587661636,11.309256806553948,3.2883295720252494
-20,31.400000000000002,0.3,0.5989624976771523,1.253615203360719,0.49827254705177804,0.1563151596600471,0.09763372596323758,6.499897174176205e-05,0.6686332421352373,11.38925008143471,3.305227471469165
-20,31.6,0.299,0.6012349405244279,1.253569166094333,0.49765818447092214,0.15461125830112993,0.09653315133555523,6.4782797853075e-05,0.6729407565134701,11.466375843333706,3.3223327771172135
-20,31.8,0.3,0.6021669082729263,1.2535197125375384,0.49733784695527894,0.15394995128103078,0.09609117096783439,6.500602830234007e-05,0.6771421859845785,11.54076542297509,3.3396846476247037
-20,32.0,0.299,0.6043974755807483,1.2534744162631537,0.4967432044125782,0.15226894650065237,0.09500900923961832,6.478976917487777e-05,0.6812429134037195,11.612552735196644,3.357195602055079
-20,32.2,0.3,0.6052864005296007,1.2534256887620687,0.4964536224886756,0.1516206527743238,0.09457929781008786,6.501296946866903e-05,0.6850648493160377,11.681907754723655,3.3748875514174372
-20,32.400000000000006,0.29900000000000004,0.6074302745055666,1.2533810559549947,0.4959142342239974,0.1499717505918368,0.09352169578213512,6.479663359396444e-05,0.6883967714474958,11.748932439129131,3.392674673197283
-20,32.6,0.3,0.6082586127473769,1.2533329908430981,0.4956662571051029,0.14934310112801813,0.0931081102139594,6.501986260012426e-05,0.6916523684791397,11.813774807209654,3.4105842494291205
-20,32.800000000000004,0.3,0.6096986680710779,1.2532865618074276,0.49527788482899565,0.14824498559532642,0.09240482007753796,6.502331202769443e-05,0.6948785561140655,11.877875195529917,3.42840050299235
-20,33.00000000000001,0.3,0.6111236202891974,1.2532409004390224,0.4948975280798886,0.1471547253767323,0.09170439572797247,6.502669320405217e-05,0.6980415494423335,11.939944856371437,3.4462496397359015
-20,33.2,0.3,0.6125294207940739,1.2531955735354336,0.4945234540593542,0.1460776686283443,0.09101280325906141,6.503005366131897e-05,0.7011395337377653,12.000056727008419,3.4641313455488976
-20,33.400000000000006,0.29999999999999993,0.6139126537109141,1.253150539565341,0.4941561214137716,0.1450167309420064,0.09033270827753764,6.503349864905933e-05,0.704161664491761,12.058061744132306,3.4820292612543176
-20,33.6,0.299,0.6158936678812016,1.2531081842312666,0.4936678449983958,0.14348185263830637,0.0893547071463975,6.481871336284959e-05,0.7069077395526774,12.109202714186472,3.5000156305179533
-20,33.800000000000004,0.29999999999999993,0.6165730894324947,1.253061775464219,0.4934796680985208,0.14294397183889307,0.08901039941084136,6.50460943105404e-05,0.709398767428338,12.154576785352633,3.5179199141588664
-20,34.00000000000001,0.29900000000000004,0.618450588557148,1.253019611373083,0.49302897316746574,0.1414752149592055,0.08808276358581721,6.483468926363927e-05,0.7115743729179058,12.196199259088337,3.535634334210481
-20,34.2,0.3,0.6190422746441117,1.2529739390445767,0.49288333869966494,0.14098326161395813,0.08777164644358341,6.506408684195888e-05,0.7134486613378214,12.23532646437012,3.5531999373204424
-20,34.400000000000006,0.3,0.6202064268879143,1.2529297696958477,0.4925995194560764,0.14005874875672783,0.08719356582439618,6.507459512917965e-05,0.7152336306648787,12.272432334498035,3.570360694717157
-20,34.6,0.3,0.6213641438640942,1.2528863629390217,0.4923152391247089,0.13914189480215902,0.08661492437710844,6.50851480594395e-05,0.7170795491567623,12.30858419227667,3.5873311809356703
-20,34.800000000000004,0.29900000000000004,0.6231146168308512,1.2528458939509237,0.49189971767884677,0.1377666841431464,0.08574528312367187,6.487529807925145e-05,0.7188173464916287,12.342540001114251,3.604292068641913
-20,35.00000000000001,0.3,0.623611178997876,1.252801454449872,0.49177745474713724,0.13734771457458492,0.08548150195359015,6.510613027392279e-05,0.7204110040740724,12.374896677526388,3.621078987065683
-20,35.2,0.3,0.6246927967657577,1.252758441199111,0.49150388023926284,0.13649664769905173,0.084947928261747,6.51164950388416e-05,0.7221180728261843,12.408191717820673,3.6375133814759915
-20,35.400000000000006,0.29999999999999993,0.6257713567329735,1.2527161495646995,0.49122850287810327,0.13565116349799453,0.08441329576533081,6.512645562814939e-05,0.7239052020246408,12.441235787261782,3.653835238191507
-20,35.6,0.299,0.6274211642297516,1.2526767137046741,0.49082760179002394,0.13436303114594772,0.08360008960611442,6.491653895089386e-05,0.7254831166512093,12.470674278811673,3.670153656892224
-20,35.800000000000004,0.3,0.6278399820333359,1.25263336511784,0.49072132588333334,0.13400690932420678,0.08337735699777321,6.514787696399931e-05,0.7269004186113731,12.498089986289047,3.686287180312582
-20,36.00000000000001,0.3,0.6288316586994761,1.2525917666309938,0.4904659131105979,0.13322903666263838,0.08289127458875045,6.515815828137427e-05,0.7284160813994061,12.527386790151887,3.7020477628917403
-20,36.2,0.3,0.6298336780208715,1.252550677103747,0.4902022544765267,0.13244957783773736,0.08239796241063661,6.516676861118435e-05,0.7301021234920442,12.558544218392738,3.7177220302674683
-20,36.400000000000006,0.29999999999999993,0.6308199774152492,1.2525097116954234,0.4899414193680154,0.13168313960701275,0.08191349593164984,6.517530514605212e-05,0.7317524745858974,12.58842581788971,3.7333479795563336
-20,36.6,0.29900000000000004,0.632358832557448,1.252471475655413,0.4895578909442205,0.13048978771041703,0.08116203776680347,6.496444332763354e-05,0.7331341063232669,12.613619577539497,3.748938972893563
-25,0.0,0.006600660066006601,0.7705462701402402,1.263156581844513,0.48680480111841107,0.005804115448212401,0.004091610409842655,1.3951376493122876e-06,0.045703127958161026,2.999999999999999,3.0
-25,0.2,0.006930693069306931,0.7675742159346911,1.2632069158701813,0.48947125479896975,0.006159979909615955,0.004355306114350385,1.4652269046028117e-06,0.04532904669024049,2.987711310060967,2.994184179092782
-25,0.4,0.006600660066006601,0.7695875842933912,1.2632086453001525,0.4877103915901222,0.005909273988324398,0.004183177024888462,1.3954283146581819e-06,0.04499232133779736,2.9765997825474746,2.9839133536931928
-25,0.6000000000000001,0.006600660066006601,0.7692375406821924,1.2632104144992398,0.4880246507942861,0.005946827596286848,0.004211859802852156,1.3954264744924289e-06,0.044670136568637005,2.9659263874252133,2.971662367698275
-25,0.8,0.006930693069306931,0.7665285564941908,1.2632117049169769,0.4904012406238569,0.006280442578765028,0.004448603268426808,1.4652201640381544e-06,0.04437305673830951,2.956050969632511,2.9584546700765384
-25,1.0,0.006600660066006601,0.7685914794136662,1.263214109624978,0.4886063121706421,0.006014922618506897,0.004260208668127971,1.395422162780031e-06,0.04408175136943283,2.946338617094825,2.9448026569447285
-25,1.2,0.006600660066006601,0.768261410622596,1.2632161730680174,0.4889050867110373,0.0060482803141917825,0.0042832453896682705,1.3954201922493155e-06,0.043783330311078235,2.9363591492073615,2.930982570454795
-25,1.4000000000000001,0.00693069306930693,0.765552190701812,1.2632175650835258,0.4912786235649967,0.006385285603588298,0.0045210411289219885,1.4652131287839463e-06,0.04349569640671022,2.9267113036702614,2.917120942782698
-25,1.6,0.005940594059405941,0.7727085394276516,1.2632211669404525,0.4850077552904145,0.00550361639103226,0.003896158815180295,1.2558313540828772e-06,0.04318595201408074,2.9162882572360256,2.903308095737951
-25,1.8,0.007260726072607262,0.7625732414265786,1.263221082885367,0.49388306233730483,0.006763244114662939,0.004787012429839841,1.5350068206303142e-06,0.0428883988072448,2.9062413521152064,2.8895806345681816
-25,2.0,0.006600660066006601,0.7669401683514139,1.2632236892101836,0.49010038130241246,0.006181744143889706,0.004374503900436782,1.3954124675064686e-06,0.042606417916327466,2.8966901440645767,2.8759367630928367
-25,2.2,0.006930693069306931,0.7642089877182855,1.2632251578853266,0.49248848914168275,0.006526215821743193,0.004617432905112196,1.46520361520102e-06,0.04231237071320954,2.8866963341519187,2.8624210371533603
-25,2.4000000000000004,0.006600660066006601,0.7662649305676174,1.2632274091159164,0.4907116314957545,0.006249451645328176,0.0044208639650582335,1.3954072163702584e-06,0.04201637986487294,2.8766013817604112,2.849034276749868
-25,2.6000000000000005,0.006600660066006601,0.7659118356309147,1.2632292955867248,0.4910321829026478,0.0062838816488204295,0.0044445973938290785,1.3954043418041898e-06,0.041709977757347624,2.866113127931452,2.8357898315551555
-25,2.8000000000000003,0.0066006600660066025,0.7655569979571676,1.2632310435495815,0.49135418618299115,0.006318464006999669,0.004468472767528713,1.395402423168255e-06,0.04140384114599224,2.8555950255780784,2.8226806069480914
-25,3.0000000000000004,0.007260726072607261,0.7605140970819472,1.2632315449706883,0.4957281685000371,0.0069877443964206426,0.0049409964563273895,1.5349922833401527e-06,0.041117176215772884,2.845710762692659,2.809691018371143
-25,3.2,0.006930693069306931,0.7624866379805773,1.263233528951974,0.4940394100691828,0.006706015709482991,0.004740986932500754,1.4651927310229994e-06,0.04083704215137719,2.8360184497774283,2.7968191637302837
-25,3.4000000000000004,0.006600660066006602,0.7645347966805903,1.2632357710112605,0.4922779176425743,0.006421661291935338,0.0045394128823817576,1.3953961605763511e-06,0.040536854187064875,2.825594344964718,2.7840905045503783
-25,3.6000000000000005,0.006930693069306931,0.761771164298935,1.263236887400128,0.4946847998570863,0.006779458056581116,0.0047917995942109316,1.4651875257850743e-06,0.04023792687674835,2.815174991564158,2.7714961517114247
-25,3.8000000000000003,0.00693069306930693,0.761421950584229,1.2632383163168823,0.4949988130761104,0.0068160874713236765,0.004817092557772667,1.465185219270967e-06,0.03994878527015277,2.8050596709336686,2.7590200508683744
-25,4.0,0.006600660066006601,0.7634702077744763,1.2632403888447508,0.49324182825761864,0.0065269574238448385,0.00461231501254795,1.3953888111089996e-06,0.03965030879644724,2.794578827623288,2.746670946986001
-25,4.2,0.006270627062706271,0.7656076717121993,1.2632425729833807,0.49139859568701466,0.006234979989034688,0.004405763576009444,1.3255951320927253e-06,0.03933543026856618,2.7834785219739593,2.734455610679055
-25,4.4,0.006600660066006601,0.7627082802614401,1.2632436183454818,0.49393469188681627,0.006599250813305673,0.004662937745826807,1.3953839197078311e-06,0.03902476166688211,2.7724826048430593,2.722358626323376
-25,4.6000000000000005,0.006600660066006601,0.7623395318525837,1.2632449781678146,0.49426880161624676,0.006635249317080925,0.004688066488164122,1.3953819031382196e-06,0.03872587230327347,2.7618621122825937,2.710362500463546
-25,4.800000000000001,0.006600660066006601,0.7619703480702198,1.2632463911743141,0.49460324341248035,0.0066714043119692115,0.004713316743991657,1.395379644850026e-06,0.03842918339022262,2.7512790414688277,2.6984692494255387
-25,5.000000000000001,0.006600660066006603,0.7616020656900149,1.2632477141214713,0.4949365889900878,0.006707664061942264,0.004738643342659953,1.395379426358837e-06,0.03813543766596449,2.740760468474755,2.686677848427975
-25,5.2,0.007260726072607262,0.7565085305376921,1.2632479114926483,0.4993202135008705,0.007417632489438717,0.005239686600301797,1.5349646469390112e-06,0.03786145114906841,2.7309127931975734,2.674976547616996
-25,5.4,0.006600660066006601,0.7609034526338071,1.2632501443879747,0.49556585492050675,0.006779441459923397,0.004788440475556039,1.3953737373942904e-06,0.037586678257029965,2.7210009318944404,2.6633709595886743
-25,5.6000000000000005,0.0062706270627062724,0.763051556555974,1.2632522075022827,0.49372352058976277,0.006475804775863045,0.004573855516588614,1.3255806828729959e-06,0.03728704743532856,2.7101507051362814,2.651887257797727
-25,5.800000000000001,0.006600660066006601,0.7601384702181586,1.2632530616545956,0.49625946050919006,0.006853735559091505,0.0048406608205865224,1.3953681553416476e-06,0.036991909754197604,2.69942022719021,2.64050791070652
-25,6.000000000000001,0.006600660066006603,0.7597703093172713,1.2632542018282424,0.4965918290626465,0.006890668080672449,0.004866517324006286,1.39536765216872e-06,0.03670931874593447,2.6891055785424256,2.629215537276352
-25,6.2,0.007260726072607262,0.7546596156343253,1.2632541937306017,0.5009734083888971,0.00761963475289484,0.005380883549938595,1.5349544843596557e-06,0.036446532068441374,2.6794779850195645,2.6180022931789306
-25,6.4,0.012211221122112212,0.7270752362594172,1.263245543901641,0.5232980372115643,0.012869688256681314,0.009084430818907053,2.5821739781788572e-06,0.03633301126182127,2.6753075429593207,2.606784459144836
-25,6.6000000000000005,0.017491749174917512,0.7062832502497747,1.2632336540710043,0.5384586524462064,0.01848805157519359,0.013036821390372844,3.6997998296110786e-06,0.03646741770563163,2.68023898348065,2.595464490657589
-25,6.800000000000001,0.02244224422442248,0.6908073753768396,1.263220765463368,0.5486479317549017,0.023760710186035334,0.016728589349330466,4.748145591451972e-06,0.03682494976724248,2.693307903265039,2.584065440084515
-25,7.000000000000001,0.03069306930693072,0.6694730752578365,1.2631998840764205,0.5612194993275265,0.03250081295090921,0.022831639662139254,6.496540148288e-06,0.03746603602196606,2.716566669218069,2.5726007538171034
-25,7.2,0.036303630363036306,0.6574762375161324,1.263181231584601,0.5672949798517076,0.03840232788029875,0.026902579561246157,7.686336462171594e-06,0.03838320414839733,2.749459517066535,2.5611060343107797
-25,7.4,0.03861386138613861,0.6535977163891001,1.263168891689006,0.5687674938325787,0.04079550494909294,0.02849514224415217,8.176518234285816e-06,0.03940170227238015,2.785467511156698,2.5498019896304016
-25,7.6000000000000005,0.043894389438943915,0.6438528873294744,1.2631507554161927,0.5729902217131876,0.04629834913335768,0.03224044765849774,9.297240173006038e-06,0.04051601281089245,2.8242686980985785,2.53882683413108
-25,7.800000000000001,0.049174917491749195,0.6349283225849575,1.2631303021361493,0.5764371781126608,0.05175438283166703,0.03592259054230654,1.0418606864023586e-05,0.041802479836574084,2.868336569130269,2.5281622476623915
-25,8.0,0.05412541254125412,0.6272691426211405,1.263109084176047,0.5790105738984418,0.05681789716209177,0.039302971265529944,1.1470494373018777e-05,0.04324606012960707,2.916901523651562,2.517847093397209
-25,8.2,0.06006600660066006,0.618402416058071,1.2630844069805836,0.5818037745317177,0.06286548294198459,0.043332347875026676,1.2733448810264286e-05,0.04486501732920161,2.970319594305968,2.5079070472328695
-25,8.4,0.0646864686468647,0.6123444119005641,1.2630606617765519,0.5832197135737225,0.06748281993276625,0.04634599013993934,1.3716369499006476e-05,0.04664906747245279,3.0279711594835765,2.498381749306234
-25,8.6,0.07062706270627062,0.604474602201138,1.2630329312998276,0.5851213562039267,0.07342199211440906,0.050238947843986546,1.4980780353869477e-05,0.04860494321768441,3.089807313451399,2.489317492334362
-25,8.799999999999999,0.07854785478547847,0.5940306867403323,1.262998233864949,0.5876185151928176,0.08133236409292091,0.05543885964979984,1.6667838878243652e-05,0.05084285953830984,3.1589368727867466,2.4806406715155216
-25,9.0,0.08283828382838285,0.5897642637953812,1.262969053936305,0.5877587408909956,0.08542846677894056,0.058004268505818544,1.7582470987711934e-05,0.053312507664055056,3.2333149588599617,2.4724040847497553
-25,9.2,0.08811881188118811,0.5841855077488398,1.262937602916409,0.5882314150767922,0.09050197147507735,0.06121394941175945,1.8708615699685603e-05,0.05593935069942245,3.310379814967726,2.4647576163195084
-25,9.4,0.09174917491749175,0.5812568239771853,1.262908222698775,0.5877832113002709,0.09384870401710398,0.06324073042220506,1.9483404214796356e-05,0.05871060929172769,3.3895551423068095,2.457759748552456
-25,9.6,0.09702970297029702,0.576039092927914,1.2628743953448962,0.5879720094482792,0.0988426822763103,0.06636624236031144,2.0610692392691915e-05,0.0616400678698078,3.4710624758977913,2.451439468763003
-25,9.8,0.10198019801980197,0.5715169891743925,1.2628391352290944,0.5878434673493437,0.10345701047285075,0.06922159949231742,2.166823250747209e-05,0.06478614000718065,3.556282321665409,2.445736806368966
-25,10.0,0.10792079207920793,0.5658147587845563,1.2628001633884556,0.5879362973229263,0.10902616938972276,0.07270041279146054,2.2937891250164914e-05,0.06818661517319312,3.6459025236717486,2.4406146445826655
-25,10.2,0.11254125412541255,0.5621590217511795,1.2627623070687264,0.5873585289333173,0.11322083016061438,0.07524819258172595,2.392622361529758e-05,0.07184064173873413,3.7395271352954915,2.4360687603435207
-25,10.4,0.11848184818481848,0.5568667121724282,1.2627202832002433,0.5871325650875657,0.11869580850352149,0.07863635678927117,2.5197436727895018e-05,0.07576287316490692,3.837183542035251,2.432108313275898
-25,10.6,0.12343234323432342,0.5531019093933409,1.262678495066181,0.5864123731608307,0.1231379548543601,0.08132893739458212,2.625765764922673e-05,0.07998222295183176,3.939207972826734,2.428703253445465
-25,10.8,0.1306930693069307,0.5464772430818056,1.2626296400916284,0.5862910874212508,0.1298334963358413,0.08550088311849637,2.7813252730765233e-05,0.08457656063875268,4.047031105865745,2.4257919781196504
-25,11.0,0.13366336633663367,0.5456286872362969,1.2625891271508174,0.5846960864605207,0.13223590287143455,0.08683337498873138,2.8450582565295585e-05,0.08946827242711146,4.158355503870074,2.423437650140684
-25,11.2,0.1382838283828383,0.5426727414763003,1.262545081783342,0.5836214654057585,0.1362214329620065,0.08920689001696341,2.9441939276568638e-05,0.09455579190349776,4.270657777715841,2.4218158226338216
-25,11.4,0.14455445544554454,0.537737832258647,1.2624947286590853,0.5829321620380951,0.14179394655784547,0.09262336362593063,3.078780449770983e-05,0.10001610599864111,4.387598486466066,2.420750729011755
-25,11.6,0.14983498349834984,0.5342132844792531,1.262444508069981,0.5818346289314541,0.14636467248566648,0.09538342934146654,3.192217360735929e-05,0.1059022215541964,4.509823443693312,2.420151189950887
-25,11.8,0.15544554455445544,0.5304003689239553,1.2623922471789315,0.580741024281519,0.15121772582600407,0.0983268616965478,3.3128147453121116e-05,0.1122031410290746,4.636618543507084,2.420037393082452
-25,12.0,0.1594059405940594,0.5287233056217777,1.2623427599542054,0.5791628803984925,0.15442259356281593,0.1001953759723205,3.39803711192634e-05,0.11886792774694346,4.7665660484239325,2.4204714655693222
-25,12.2,0.167986798679868,0.5215219583200124,1.2622801347699704,0.5786508389646354,0.16207151104389267,0.10496316630884424,3.582644142999419e-05,0.12609482159013635,4.903064034383018,2.421292436990068
-25,12.4,0.1722772277227723,0.5196767443308093,1.262224841534475,0.576942654816788,0.16556869131382776,0.10703678862877858,3.675107304985439e-05,0.13392701704722076,5.046230568800299,2.422393472151018
-25,12.6,0.17788778877887787,0.5163308806721979,1.2621665252881897,0.5755247625799526,0.1702729216908396,0.10989012834702831,3.79603451996335e-05,0.14221828939681572,5.192876189165906,2.4239880004993593
-25,12.8,0.18382838283828384,0.5126954520272339,1.2621052122192964,0.5741069169711424,0.17526360171125832,0.1129371174435163,3.9241509661884133e-05,0.15110218195332492,5.344893442446686,2.425968693894913
-25,13.0,0.18646864686468648,0.5130174494649333,1.262051301598687,0.5719516259510949,0.17704241374630425,0.11390357775697921,3.9812436354417833e-05,0.16040970781328634,5.499002459223989,2.4285012773875105
-25,13.2,0.1924092409240924,0.5095282920867531,1.2619889789203942,0.5705303378801186,0.18188925395705946,0.11685869062352044,4.1094996462933614e-05,0.17017065460341432,5.6554659714758335,2.4316308536073734
-25,13.4,0.19702970297029704,0.5076394757015765,1.2619272686473084,0.5687761320147755,0.1854695671546568,0.1190126458587353,4.209377629963132e-05,0.18055006722512812,5.816545226217102,2.435159950355211
-25,13.6,0.20264026402640264,0.5046766594606074,1.261862130987906,0.5671970808761841,0.18994508387692285,0.12175358962936969,4.3306774191562565e-05,0.19155572741162155,5.981903216107839,2.439085694217636
-25,13.8,0.20396039603960395,0.5066751331885824,1.2618073619310484,0.5647844184347385,0.19030421612235066,0.12183508973318516,4.3594185376956606e-05,0.20295954863173857,6.147904063829761,2.443603803394427
-25,14.0,0.20528052805280528,0.5087114099965641,1.2617546714335468,0.5624994397321039,0.1904999402355365,0.12179415808016486,4.388146934236531e-05,0.21443172186733872,6.309969978261949,2.4490940943539914
-25,14.2,0.20396039603960395,0.5137437295287318,1.2617094059129872,0.5598380318157614,0.18808404574254806,0.1200652295427588,4.359882594585467e-05,0.22575184804298978,6.465524212753412,2.4557631013783587
-25,14.4,0.20495049504950497,0.5161516649980267,1.2616597806072074,0.5577880685599848,0.1876762322020084,0.11963190375675514,4.381484718746292e-05,0.23688660268581171,6.6146667065635265,2.463652029610086
-25,14.6,0.20396039603960395,0.520736614775067,1.2616147729814677,0.5554611951941629,0.1853733596162728,0.11799844214831291,4.360339596502008e-05,0.24785553590772427,6.758149933631389,2.4726416431284806
-25,14.8,0.2042904290429043,0.5238073739868214,1.2615678048092012,0.5535268048074548,0.18418994913059653,0.11709273356037463,4.367688432854383e-05,0.2585977735141816,6.8956365270498745,2.4827299586401086
-25,15.0,0.20495049504950497,0.526461327823106,1.2615196704577458,0.5517428942355447,0.18327162674803185,0.11637850775295072,4.382165106336512e-05,0.2692648050987976,7.029353940579539,2.4936947025491203
-25,15.2,0.20363036303630364,0.531249326899724,1.2614769827128767,0.5496649024311123,0.18051921450699515,0.1144985706816051,4.3538875045107204e-05,0.2796982271426561,7.157708071497776,2.5055703077434743
-25,15.4,0.20396039603960395,0.5341861742623307,1.2614315684217745,0.5480237391151733,0.17917804271975984,0.11352696692688319,4.361232451060323e-05,0.28986781051921096,7.2806619931792635,2.518356513900162
-25,15.6,0.20462046204620463,0.5367078446489291,1.261384776541067,0.5465081629201701,0.17812501185482832,0.11276012592477548,4.375711713951406e-05,0.29997474054733914,7.400786115489285,2.5318049157856026
-25,15.8,0.2042904290429043,0.5402485938700696,1.2613407473452949,0.5448600056020876,0.17618845979853182,0.11143903649043298,4.3688074605839457e-05,0.3099555350195788,7.517551817309038,2.545878493827201
-25,16.0,0.20462046204620463,0.5430405023071851,1.2612958160944896,0.5434134954486982,0.1747980567726239,0.11047154735298387,4.376156598232329e-05,0.319776613052176,7.630761449106281,2.5605722837939906
-25,16.2,0.20495049504950497,0.5457845606297128,1.2612509218147827,0.5420177313527867,0.17340479475768655,0.109512875178117,4.383507459662678e-05,0.32951681691279494,7.74142952965681,2.575769491858655
-25,16.4,0.20462046204620463,0.5491786996591859,1.2612081022546524,0.540547498598356,0.17143813804357788,0.10819352928500674,4.376595353266083e-05,0.3391034521849326,7.848922022966877,2.5914773953866024
-25,16.6,0.2042904290429043,0.5525258971767903,1.261165924773606,0.5391408672423494,0.1694554634624293,0.1068659998101037,4.369689203698258e-05,0.34847071733723,7.9526937548142795,2.607724892451452
-25,16.8,0.20528052805280528,0.554452839400268,1.2611208204169961,0.5380401872615973,0.16858388080894052,0.1062552291802894,4.391294619030569e-05,0.35777195367253434,8.054442573148016,2.6243674799487158
-25,17.0,0.2042904290429043,0.5583650091382141,1.2610805042303943,0.536585260381862,0.1660865335539672,0.1046167283249658,4.37011563509396e-05,0.36693380126415204,8.153547437648925,2.641384638162764
-25,17.2,0.2042904290429043,0.561219630675794,1.2610390376593583,0.5353906946013883,0.16438500913451254,0.1034815103851697,4.370324766341068e-05,0.3758411141737749,8.248950363077965,2.65887434408647
-25,17.4,0.2042904290429043,0.5640167281486259,1.2609974663747539,0.5342335324967687,0.1627035003523285,0.1023677729516756,4.3705377030730586e-05,0.38462346086569615,8.34204224991228,2.6767036371924293
-25,17.6,0.20462046204620463,0.5664291662203053,1.2609553773995832,0.5331751378298191,0.16130729454224751,0.1014418696294672,4.3778807211296076e-05,0.3933252561978763,8.433336305217809,2.694800045650469
-25,17.8,0.20462046204620463,0.5691203718561407,1.2609143214627228,0.5320802852801663,0.15966988347364378,0.10036785978872739,4.378085277199168e-05,0.4019471310902523,8.522911444465187,2.7131231000458533
-25,18.0,0.20396039603960395,0.572415257112106,1.2608753170480387,0.5308942032894328,0.15752221631957836,0.09896975541164327,4.364032692154864e-05,0.41036997505654793,8.609710005363016,2.731740391196175
-25,18.2,0.20396039603960395,0.5750106490740077,1.2608354687033894,0.5298829156863119,0.15589826157627484,0.09790445090871909,4.3642366795042933e-05,0.4185949458339075,8.693805484416673,2.7506560522051395
-25,18.4,0.20396039603960395,0.5775497152909164,1.2607956390887267,0.5288981390507695,0.15430414030094997,0.09686475883879986,4.364444609079097e-05,0.4267201182307311,8.776177165846708,2.76976813204719
-25,18.6,0.20462046204620463,0.579402568956724,1.2607544431053779,0.528064425831573,0.15324365918681157,0.09616904296237064,4.3789130269287894e-05,0.43483298173538304,8.857674538983717,2.7889826772983204
-25,18.8,0.20462046204620463,0.5818417717059376,1.2607147706768786,0.5271123144149626,0.15171689336393268,0.0951825539007341,4.379119204567815e-05,0.4429381341708668,8.938389030962151,2.8082528274211374
-25,19.0,0.2042904290429043,0.5845520547079577,1.2606765112021647,0.5261237763357367,0.14995695829448696,0.09404618643606218,4.3721863983359774e-05,0.45090040274569115,9.017140034365099,2.827671563423351
-25,19.2,0.20462046204620463,0.5865960490694859,1.2606370600021384,0.5252924271532184,0.14870478855975908,0.0932324204171336,4.379521967490145e-05,0.458768978893573,9.094389576849512,2.847214318266327
-25,19.400000000000002,0.20462046204620463,0.58890231096187,1.2605984054206916,0.5244103455286891,0.14724195167900572,0.09228952001296961,4.3797251126801585e-05,0.46659848644912777,9.170662083787946,2.866813793507179
-25,19.6,0.20495049504950497,0.5908612334422652,1.2605593817232725,0.523612607376323,0.1460416703566862,0.09151395475213865,4.387054799814738e-05,0.4743834476607968,9.245935051290118,2.886463361455209
-25,19.8,0.20462046204620463,0.5933851641076469,1.2605220157715864,0.5227004372827955,0.14439261318293042,0.09045591037936068,4.3801198213731876e-05,0.48208712624763217,9.31992673313631,2.90617055458425
-25,20.0,0.2042904290429043,0.5958667167773266,1.2604853101743148,0.5218177310487467,0.14275713056129075,0.08940408019911841,4.373178695060511e-05,0.48960803911753303,9.391791682081404,2.926014522946269
-25,20.2,0.20462046204620463,0.5977045991998492,1.2604473143594295,0.5210866213447503,0.14161228871110032,0.08866516193532951,4.380510372969336e-05,0.4970512466713787,9.462441706616858,2.945926868805165
-25,20.400000000000002,0.2042904290429043,0.6000920505269788,1.2604109245380515,0.5202376818264417,0.14003745652811556,0.087657560520947,4.373565651536151e-05,0.5044201304097082,9.531952118437948,2.9658695140680966
-25,20.6,0.20462046204620463,0.601849108083148,1.2603734524311103,0.5195395404451695,0.13894099494003198,0.08695281041246253,4.380896276095237e-05,0.5117180394768411,9.600364008154774,2.985844095691624
-25,20.8,0.20495049504950497,0.60356737272129,1.260335982990015,0.5188472619032172,0.13787746616938626,0.0862727945348067,4.38821961214573e-05,0.5190466427052888,9.668550236998664,3.0057547629941057
-25,21.0,0.20396039603960395,0.6064099525032645,1.260301844503432,0.5179111259682502,0.13593709602962245,0.0850369618593071,4.3670002294921686e-05,0.5261993055175107,9.73484775293522,3.0257247104100267
-25,21.2,0.20462046204620463,0.6077700078338683,1.260264754777239,0.5173308494062966,0.13512008293133285,0.08450911814893595,4.381460574136049e-05,0.5332361682968443,9.799728433401757,3.0457588192448344
-25,21.400000000000002,0.2042904290429043,0.6099496234774227,1.2602294611886147,0.5165554693750684,0.13368062321056828,0.08359375165275759,4.3745125555351986e-05,0.5402632679956832,9.864103329116922,3.065736343460409
-25,21.6,0.2042904290429043,0.6118079355713233,1.260194094046726,0.5158659917544827,0.1324764197283826,0.08282526764853619,4.374699253744086e-05,0.5471775703060818,9.927153897888322,3.0857310674078358
-25,21.8,0.20462046204620463,0.6133476667404845,1.2601580736272313,0.5152512115380249,0.13151537513723896,0.08221272183485503,4.3820211482923144e-05,0.5540852067993005,9.989741967331508,3.1056666650354705
-25,22.0,0.2042904290429043,0.6154144438767841,1.2601236129071471,0.5145133254358715,0.13015209287375956,0.08134742679466518,4.375072073203827e-05,0.5609372960335423,10.051510572254438,3.125551985957775
-25,22.2,0.20495049504950497,0.6166131139608335,1.2600874292235098,0.5139856879350292,0.12944473206931845,0.08089589266434245,4.38952583285715e-05,0.5677808103788411,10.112824104753022,3.145371018935544
-25,22.400000000000002,0.20396039603960395,0.6191634804526157,1.2600548420505517,0.5131366191744995,0.12771105950100983,0.07979769118708896,4.368292242672768e-05,0.5745107671676573,10.172902866456408,3.1651610094986253
-25,22.6,0.2042904290429043,0.620578359630868,1.2600202899518242,0.5125783135216954,0.12681986074099047,0.07922751438826013,4.375605827029591e-05,0.5810778336997364,10.231335943139333,3.1850032960383388
-25,22.8,0.20396039603960395,0.6225048590034975,1.259986911291466,0.5118931592430497,0.1255452065964726,0.07841938416712213,4.3686448446085945e-05,0.5875952522828765,10.289034251013954,3.2047938933965883
-25,23.0,0.2042904290429043,0.6238553730485872,1.259952490149447,0.5113531214267741,0.12470023604925715,0.07788245908281574,4.3759624828461776e-05,0.5940640920742948,10.346012937339852,3.2245325772032882
-25,23.2,0.20396039603960395,0.6256883242649643,1.2599195037312287,0.5107134797397395,0.1234740097101518,0.07710685012410438,4.369001637315584e-05,0.6001145017397708,10.402312592565373,3.2441930284820097
-25,23.400000000000002,0.20495049504950497,0.626372970499651,1.259883924003327,0.5103920477292722,0.12307499980530895,0.0768537064269384,4.3905969094825804e-05,0.605557513809246,10.458780902093723,3.263714686934414
-25,23.6,0.2042904290429043,0.6283501517071002,1.2598517335321233,0.5097535415948161,0.12170427534797004,0.0759900257184449,4.376488223702028e-05,0.6107636307669373,10.515026941537135,3.2830838613237994
-25,23.8,0.20363036303630364,0.6302877971519791,1.2598204892397942,0.5091543389640262,0.1203347293070458,0.07512106248350575,4.362381674304064e-05,0.6155040888785965,10.568815798063229,3.3025427918797288
-25,24.0,0.20495049504950497,0.6306136276933662,1.2597849503302336,0.5089586371056724,0.12016877429920295,0.0750139044544792,4.3911231992255566e-05,0.6202949967760486,10.622873749014895,3.321882102189943
-25,24.2,0.20726072607260726,0.6300962330477616,1.2597458582206564,0.5089644482669013,0.12064076365321602,0.07532036424484514,4.441325277736363e-05,0.6249889352723548,10.681218396715886,3.340663940424372
-25,24.400000000000002,0.21188118811881199,0.6277482043151908,1.2597003700743183,0.5093752433388568,0.12253150669121307,0.0765331853577245,4.5415729057732585e-05,0.6303135574741953,10.748159364353832,3.358414881853222
-25,24.6,0.21683168316831683,0.6251409532641712,1.2596517967058558,0.5097732950735874,0.12469105789228294,0.07792840763154708,4.649047581427909e-05,0.6363597105727273,10.827039884445494,3.374709362892126
-25,24.8,0.22277227722772278,0.6217542374088167,1.259599318171688,0.5103091143407731,0.12748818582481586,0.07973144767323198,4.778059728227644e-05,0.6427326468002222,10.919191761972447,3.389377330645432
-25,25.0,0.23102310231023102,0.6166354725376034,1.2595390539104283,0.5111481777715792,0.13170583057234148,0.08244250917669467,4.957302890419534e-05,0.6502570432931083,11.02862193580489,3.402035072105395
-25,25.2,0.23564356435643566,0.614225118734819,1.259484363243338,0.511307304499579,0.13390136134851877,0.08387466556268447,5.057866042108161e-05,0.6575830216658242,11.15283353421664,3.412830744745258
-25,25.400000000000002,0.23795379537953804,0.6136258665078419,1.2594357029051415,0.5110283200462077,0.13473043339616297,0.08441281352304449,5.108295492889626e-05,0.6653736953805145,11.283042291216658,3.4227536031100194
-25,25.6,0.24356435643564356,0.6105390460966224,1.2593791073672314,0.5113576391830459,0.13743011648306497,0.08612396513323375,5.2305604498159565e-05,0.6724950076493854,11.417788959006048,3.4319656030221024
-25,25.8,0.24884488448844885,0.607617184612705,1.2593200716873982,0.511627231110427,0.14002219222306725,0.08778420407502775,5.346374119903424e-05,0.679210248377023,11.547235208237607,3.4399907112815407
-25,26.0,0.25412541254125415,0.6046418415266873,1.2592596442739443,0.5118890539685663,0.14267411959560664,0.08948898789246634,5.4629183084119854e-05,0.6857245004456125,11.67178166642754,3.4468023221758157
-25,26.2,0.2597359735973597,0.6013197845030063,1.259196962301638,0.5122519718493376,0.14556933256296242,0.09135228268330584,5.587338633165731e-05,0.6911408078849376,11.794106741404779,3.452367058661252
-25,26.400000000000002,0.2640264026402641,0.5989396307612878,1.2591360582142417,0.5123901353749384,0.14774945599257358,0.09275796668493816,5.683608544196437e-05,0.6965078024730375,11.91466499778748,3.4568599783187994
-25,26.6,0.2706270627062706,0.5948843943743934,1.2590681131014163,0.5128560836809817,0.15126932559238754,0.09501328343129062,5.8309453653556845e-05,0.7020342610338886,12.035409525088816,3.460302228193868
-25,26.8,0.2778877887788779,0.5902964585498562,1.2589958199993818,0.5133765069764231,0.1552629267077827,0.09758428479332147,5.9927765319731997e-05,0.7077103332415559,12.157742304471684,3.4623379942140993
-25,27.0,0.2838283828382838,0.5865382469323774,1.258923903974135,0.513732160125471,0.15859224302347535,0.09973954768046459,6.125389281111377e-05,0.7123554413853609,12.279079019777285,3.463113962777856
-25,27.2,0.28844884488448846,0.5837526735788575,1.258854233137709,0.5138692278462847,0.16117004137623475,0.10140015007677373,6.229033633193141e-05,0.717186208447251,12.399294931045626,3.4632012114438977
-25,27.400000000000002,0.29042904290429056,0.582836351384537,1.2587907520953583,0.5136647229942719,0.16222692613806658,0.10207851501108808,6.275157848280418e-05,0.7213841281022594,12.506967309765308,3.4630562830598297
-25,27.6,0.29636963696369634,0.5791716328997887,1.2587176116032077,0.5140022258270479,0.16547967202308764,0.1041464228378267,6.408085328344009e-05,0.7257107962717133,12.61218611234553,3.462934168287223
-25,27.8,0.30198019801980197,0.575554769884335,1.2586417139178088,0.5143153431784787,0.16870625527081196,0.10624215737694499,6.534558418310673e-05,0.7291972404809289,12.708500990849283,3.461839893664519
-25,28.0,0.3066006600660066,0.5726467751569763,1.2585671641037472,0.514488497294788,0.17136549773746285,0.10796012661734447,6.639391452009527e-05,0.7325274150487381,12.806226831260066,3.4601587023660305
-25,28.2,0.3066006600660066,0.5729821069959772,1.2585041363745932,0.5140904689523045,0.17136513417896457,0.10796746937173912,6.642624734701314e-05,0.7350729660626386,12.89160793436723,3.458685523809043
-25,28.400000000000002,0.3066006600660066,0.5735035358223937,1.2584435330379844,0.5137110688352874,0.17116247126984957,0.10779830506806695,6.645711045386286e-05,0.7374819911627772,12.965884525435337,3.4582049878773096
-25,28.6,0.30594059405940593,0.5746540064439098,1.2583852338043788,0.5132391467834082,0.17042574156483697,0.10726656761328657,6.633901222371065e-05,0.74002110506474,13.033496769261614,3.459321257143947
-25,28.8,0.30627062706270625,0.5750971527039517,1.2583252558066547,0.5129433577139372,0.1702183041578731,0.10709342580928974,6.644123089266826e-05,0.741868812142379,13.087972813429708,3.4615823503939063
-25,29.0,0.30627062706270625,0.5757641983496512,1.2582660265119114,0.5126325803559482,0.1698027741298261,0.10679916443036744,6.647367648595025e-05,0.7432206324929332,13.132471053953672,3.4644347381828844
-25,29.2,0.30627062706270625,0.5765082988078779,1.2582075821753955,0.5123245206411481,0.16930825853647974,0.10644529666315188,6.650418988980077e-05,0.7445823111461359,13.172626339407195,3.46812383434889
-25,29.400000000000002,0.30693069306930687,0.5768545585745669,1.2581476474580342,0.5120993397871842,0.16912707250981912,0.1062912557937738,6.667658646393126e-05,0.7460404706215016,13.211000456726795,3.4727752643577166
-25,29.6,0.30462046204620463,0.5793182940603605,1.258095553029968,0.5114867307010997,0.16722433631150388,0.10503879898366199,6.619195700388962e-05,0.7473766195944053,13.24375919415105,3.478573264376511
-25,29.8,0.3069306930693069,0.5785456808272498,1.2580336425371712,0.5115270320170026,0.16789420090778312,0.10544362635845855,6.672878513567735e-05,0.7482205277491774,13.269664594864135,3.484889370237472
-25,30.0,0.30594059405940593,0.5799995261913355,1.2579779362472643,0.5111343279131948,0.16677754317578533,0.10472769274018284,6.653896694860083e-05,0.7487919935564213,13.291728387422094,3.491134547168743
-25,30.2,0.3066006600660066,0.580365253759732,1.257920125353943,0.5109722622943202,0.16651589573560566,0.10454312430645246,6.671356428494984e-05,0.7493230348513406,13.310995003954886,3.4977453002483125
-25,30.400000000000002,0.3066006600660066,0.5812021352339243,1.2578636577409814,0.5107172286906119,0.1658775521902386,0.10411979091867392,6.674162620671364e-05,0.7499154788055357,13.32985574063884,3.504711510178186
-25,30.6,0.30594059405940593,0.5825368435295551,1.2578096255615998,0.5103735775972217,0.16483258384943267,0.10343086492580347,6.662058539034919e-05,0.7505713449493274,13.347442078997764,3.51230849348922
-25,30.8,0.30594059405940593,0.5834497189134296,1.2577546785955778,0.5101213560853188,0.16411695936108422,0.10295148364841568,6.664423574510388e-05,0.7512205650832376,13.363653908880679,3.5205330678306845
-25,31.0,0.30594059405940593,0.5843595834027167,1.2576998061641131,0.5098726411800767,0.16340091437074944,0.10247926899461209,6.66672105704101e-05,0.7518134990787753,13.378849623163093,3.5291738631789307
-25,31.2,0.3066006600660066,0.5847792318453546,1.2576435486808843,0.509725464676319,0.16307201491898377,0.10226629164678883,6.683724022704278e-05,0.7521946659250325,13.391952095556805,3.537852330120949
-25,31.400000000000002,0.3066006600660066,0.5856146669782196,1.2575888095013372,0.5094989469812738,0.1624083330449572,0.10184520269921107,6.686249688657988e-05,0.7524146832625099,13.40321538828307,3.546346292948255
-25,31.6,0.3069306930693069,0.586222073997707,1.2575339121541382,0.5093236831191006,0.16192119345924763,0.10153370093790033,6.696157808307018e-05,0.7525566082069649,13.413064829076228,3.5547285878591883
-25,31.8,0.30627062706270625,0.5875073316562501,1.2574817407711312,0.5090168550483012,0.16089071279069594,0.10087062832169229,6.684127588389434e-05,0.7527048704019642,13.42180900824265,3.5631839842715247
-25,32.0,0.30627062706270625,0.5883739497188759,1.2574290486318738,0.5088003278768394,0.16018790471225014,0.10040998509541404,6.68663239083587e-05,0.7528938295389109,13.429880661050838,3.571929518395077
-25,32.2,0.30594059405940593,0.5894674843585703,1.2573772038632747,0.5085373159642734,0.15930558755392493,0.09983622016727596,6.681598650608204e-05,0.7531225824807237,13.43786796005926,3.5809580072005325
-25,32.400000000000006,0.3066006600660066,0.5898968692824748,1.2573233210655266,0.5084076217280376,0.15895184551334962,0.09960246152381623,6.698454166466696e-05,0.7533664389515082,13.446345655795376,3.5901768877295237
-25,32.6,0.3066006600660066,0.5907498161768321,1.2572707982420124,0.5081874870880412,0.15826648888340422,0.09916267728004556,6.700609373484394e-05,0.7536257352186225,13.45548803488957,3.599467425898965
-25,32.800000000000004,0.3062706270627064,0.5918309348344353,1.257219761438704,0.5079253329043365,0.15739653993585456,0.09860232572198814,6.695376407760244e-05,0.7538942913990191,13.464217093339272,3.6089643065313948
-25,33.00000000000001,0.3066006600660066,0.5924718495848244,1.2571676352011016,0.507755686043479,0.1568730517731068,0.09826422390871954,6.704779969152141e-05,0.7541287797417503,13.472537228367763,3.618584758682175
-25,33.2,0.30594059405940627,0.5937408198276227,1.257117997999918,0.5074611445829338,0.15584911108279834,0.09761128425655444,6.692250656321762e-05,0.7542316671941343,13.479378727045082,3.628176982351952
-25,33.400000000000006,0.3066006600660066,0.5941301976769102,1.2570659703896387,0.5073527952859477,0.15551588630354488,0.09739816143858859,6.70911232360069e-05,0.7542359426121964,13.485281413359903,3.6376521939266495
-25,33.6,0.30660066006600695,0.5949185030716376,1.2570151380128556,0.5071569421362849,0.15487257896655043,0.09699278044588404,6.711383838261461e-05,0.754191971660287,13.491005834242529,3.646841133020237
-25,33.800000000000004,0.3072607260726067,0.5952616503849132,1.2569633078084033,0.5070530972016817,0.15458127665361598,0.096810386429937,6.728356819237034e-05,0.7541282091368449,13.49675956355076,3.6557906095522705
-25,34.00000000000001,0.3062706270627066,0.5966772218742756,1.2569155680905724,0.5067262766102469,0.15344498358639194,0.0960860574818838,6.708601965788264e-05,0.7540998035425275,13.50202186873039,3.664711464514286
-25,34.2,0.3069306930693066,0.5970377893830842,1.2568650455512071,0.506624481971071,0.15313552013862688,0.09588287272616397,6.725405842516735e-05,0.7540937679270331,13.507104996735182,3.673765994959962
-25,34.400000000000006,0.30627062706270625,0.5982399560403742,1.2568171463300402,0.5063411850882846,0.15216887778447666,0.09526475776913143,6.71274169047502e-05,0.7541191499676401,13.512432311007569,3.6828923617399756
-25,34.6,0.30627062706270625,0.5990300863869333,1.2567686957067619,0.5061494258992266,0.1515220366107401,0.09484632087926903,6.714680986190047e-05,0.754167047374496,13.517436398954972,3.6922517364295016
-25,34.800000000000004,0.3062706270627068,0.5998096878297405,1.2567202276545335,0.5059575926247231,0.15088578148711923,0.09443827458666908,6.716571295071226e-05,0.7542137623264877,13.522649769625687,3.7017005672045364
-25,35.00000000000001,0.30726072607260724,0.5999343488087054,1.2566694948557826,0.5059003326134619,0.15076740836608502,0.09436483495592451,6.740506753027075e-05,0.7542416527721165,13.52882213404805,3.7110393437930522
-25,35.2,0.30726072607260724,0.6006583738903855,1.256620853104953,0.5057104503100852,0.15018460488368235,0.09400140153553789,6.742402079999115e-05,0.7542414117582081,13.535370276832671,3.7201369351440703
-25,35.400000000000006,0.3072607260726067,0.6013759147436537,1.25657293954592,0.5055261529224163,0.14960342845009822,0.09363536063374502,6.74434297517855e-05,0.7541963870130051,13.541002645053982,3.7290435178792283
-25,35.6,0.30627062706270625,0.6027266895752944,1.256527832289812,0.5052111391423313,0.14852276138393505,0.09294630079961007,6.724218825114357e-05,0.7541390633169567,13.545131643251699,3.737943717957691
-25,35.800000000000004,0.3062706270627061,0.6034590707821996,1.2564813273639528,0.5050344751538111,0.14792051987948568,0.09255780456489623,6.726154845652778e-05,0.75405931290987,13.54807233794304,3.746923519888706
-25,36.00000000000001,0.30594059405940627,0.6043824607529372,1.2564354425261746,0.5048137264406782,0.14717204798276745,0.09207983312148682,6.720734979173842e-05,0.7539593639481759,13.550644529635733,3.7558562450594613
-25,36.2,0.30660066006600745,0.6046666705919943,1.2563876319303404,0.5047293500687503,0.1469242372946253,0.09192255559186947,6.737397497047556e-05,0.7538400934077414,13.553548588984366,3.764659661453209
-25,36.400000000000006,0.3082508250825067,0.6042845779734108,1.2563369245306906,0.504777091937952,0.14720749255902651,0.09211244648937814,6.77620603012335e-05,0.7536924822565209,13.558434326557858,3.7729800613532904
-25,36.5999999999999,0.30528052805280537,0.606800533670751,1.256297277050459,0.5041982001995159,0.14523142564811423,0.09085647897011513,6.711753207788784e-05,0.7536301239415542,13.562121688869196,3.78140657662867
