temp_C,t_s,V_observed,V_original,V_improved,V_holdout,T_observed,T_improved
-20,0.0,0.799,0.7923589399170277,0.7894945201972352,0.7990409115031173,-19.99535477911209,-20.0
-20,0.2,0.799,0.7921347120940899,0.7884015228141099,0.7978884391781011,-19.99535477911209,-20.0495225574781
-20,0.4,0.8,0.785165746204511,0.7801742078443242,0.7896483087610465,-19.993905207799145,-20.051398898222487
-20,0.6,0.8,0.7851505590576413,0.7795575614943971,0.7890277372152251,-19.992502715071993,-20.054566737956065
-20,0.8,0.8,0.792092302821931,0.7864886306409882,0.7959737674852536,-19.99106601796501,-20.059398380945822
-20,1.0,0.8,0.7920742770190214,0.7858692584896174,0.7953676720145999,-19.98963334868654,-20.063283007144264
-20,1.2,0.8,0.7850947175396857,0.7777349076838408,0.7872349603556593,-19.988242898954383,-20.0655774671869
-20,1.4,0.8,0.7850769635008885,0.7771927161225606,0.7867061910224222,-19.986818077674656,-20.068814706100767
-20,1.6,0.8,0.7850582146927281,0.7766516320515146,0.786179792633363,-19.985473550325025,-20.072165661277268
-20,1.8,0.8,0.792006412703033,0.7836634950252409,0.7932238486277253,-19.984094614370747,-20.0768450375287
-20,2.0,0.8,0.7850195761917755,0.7755169556650017,0.7850798456488449,-19.98264301189576,-20.079116181455277
-20,2.2,0.8,0.791971805603785,0.7825514625536526,0.7921480270203443,-19.981233739111815,-20.083496829166762
-20,2.4,0.8,0.7919534975349917,0.7819695037805909,0.7915865341750413,-19.97982836914474,-20.08700570408297
-20,2.6,0.8,0.7919361109258359,0.7813944888345667,0.7910312493228917,-19.978465069634865,-20.090282388205424
-20,2.8,0.8,0.791918773449338,0.7808245523650226,0.7904800588233893,-19.977105534431615,-20.093496306600144
-20,3.0,0.8,0.7919014978548123,0.7802590507340708,0.7899326852714826,-19.975673343168808,-20.09664914691507
-20,3.2,0.8,0.7918842806112735,0.7796975035475742,0.7893887354702548,-19.974206805547624,-20.099742687709522
-20,3.4,0.8,0.7918671222557044,0.7791395186496183,0.788847846179659,-19.972820922226305,-20.102778238924543
-20,3.6,0.8,0.7918500586333157,0.7785850518800654,0.7883112399700578,-19.97143886873448,-20.105736034576807
-20,3.8,0.8,0.78484983555374,0.7704130121040917,0.7801280419564269,-19.970022418720248,-20.107276663570815
-20,4.0,0.8,0.7918173106666172,0.7775433513145884,0.787296825383952,-19.968648126966286,-20.111133456028767
-20,4.2,0.8,0.7917996039757371,0.7769889156337558,0.7867588759256486,-19.967353781243105,-20.11413243659814
-20,4.4,0.801,0.7917830048223928,0.7764394441279653,0.786224804426723,-19.966062995180636,-20.116875265932066
-20,4.6,0.801,0.7847760061435942,0.7682438414982748,0.7780134884530696,-19.964737756967992,-20.118206442085494
-20,4.8,0.801,0.7917507570738883,0.7754084533521917,0.7852187183184564,-19.963416191841873,-20.12184641445893
-20,5.0,0.801,0.7847394780298729,0.7671955210403956,0.7769881206912594,-19.962098284320717,-20.12323771228509
-20,5.2,0.801,0.7847224445018313,0.766703818367778,0.776505705079708,-19.960707765800493,-20.12538569349556
-20,5.4,0.801,0.7847045643703788,0.7662072840625361,0.7760186564322187,-19.95932112290177,-20.127667620815913
-20,5.6,0.801,0.7846864595067736,0.765707792199073,0.7755279287266602,-19.958052539033645,-20.12991426724537
-20,5.8,0.801,0.791669697342201,0.7728978299458471,0.7827647835283109,-19.956787439576374,-20.133560842307418
-20,6.0,0.802,0.7916521279115633,0.772338924254076,0.7822207307343351,-19.95548786883316,-20.13616198624092
-20,6.2,0.797,0.7998685874091604,0.7807219960324768,0.7906578384407364,-19.954115714078767,-20.13991882598839
-20,6.4,0.765,0.7682057371418274,0.744928504459319,0.7546844099545467,-19.952086185736107,-20.135300431740774
-20,6.6,0.739,0.7490758263357609,0.721944134515292,0.7314915280807548,-19.948801165481086,-20.128016938380256
-20,6.8,0.718,0.7350647967268692,0.7043380970412227,0.7136565490262611,-19.944201846122212,-20.11916735557432
-20,7.0,0.699,0.723850595702952,0.6897751408536738,0.6988495448687129,-19.937825035820026,-20.108702876348133
-20,7.2,0.682,0.7109994288404142,0.672376581570747,0.6811131226705976,-19.929496322579922,-20.093597625678456
-20,7.4,0.667,0.7016896296668954,0.6595827168159917,0.6680128115727902,-19.92003469485607,-20.077606966562513
-20,7.6,0.653,0.6988007243876982,0.6562990181055901,0.6645790671866535,-19.909472025613894,-20.066814889031434
-20,7.8,0.64,0.6908508491873862,0.6450692415733872,0.6530458578509625,-19.897330862705047,-20.049579093278055
-20,8.0,0.628,0.6859438767697396,0.6385282009645348,0.646278282918105,-19.88363509283107,-20.03315715610833
-20,8.2,0.616,0.6791131308659535,0.6287205807297547,0.6361721121235315,-19.868254150812646,-20.012623764371426
-20,8.4,0.606,0.6737827805489336,0.6213095284148376,0.6285053044193366,-19.851221578230565,-19.991686753680824
-20,8.6,0.595,0.6687327487376099,0.6142808221888777,0.6212253654174904,-19.83252215544735,-19.96949288901098
-20,8.8,0.586,0.6611934141391959,0.6027707760651265,0.6093566019346358,-19.81157153000359,-19.940464552248585
-20,9.0,0.576,0.6575669046907547,0.5982253361873535,0.6045848309226118,-19.7886399100623,-19.91562250291389
-20,9.2,0.568,0.653207212238777,0.5922511070389931,0.5983447395071136,-19.764193545311173,-19.888606642922696
-20,9.4,0.559,0.6473953343198106,0.5835264610132936,0.5892800622259504,-19.738355627919475,-19.85602746879249
-20,9.6,0.551,0.645717051702526,0.5825384815961377,0.5880945208558619,-19.711132557521893,-19.830301543597955
-20,9.8,0.544,0.6417452093506234,0.5770930870874508,0.582357550148172,-19.682289826550175,-19.799351269956276
-20,10.0,0.538,0.6378931040694358,0.5718471073390919,0.5768102527889466,-19.651711527514692,-19.76616078283371
-20,10.2,0.531,0.6348750175061758,0.5681869520569824,0.5728721354260686,-19.619464591518124,-19.733203541091967
-20,10.4,0.525,0.6297943171875634,0.5604827373662655,0.564795247764855,-19.58555566752341,-19.693219583648897
-20,10.6,0.52,0.6269477601901935,0.5572093278411011,0.5612286588791463,-19.54993045199214,-19.656238985592097
-20,10.8,0.513,0.6207899754903562,0.5473389809531701,0.550930911841961,-19.512346954953415,-19.60840171707204
-20,11.0,0.511,0.6174543947817795,0.5432247095903836,0.546480297413801,-19.473188116194308,-19.564680515827575
-20,11.2,0.507,0.6154825786634324,0.5418430692762054,0.5448254482313364,-19.432962161201402,-19.524529848013657
-20,11.4,0.504,0.6097441518094486,0.5327455634599382,0.5353149418520143,-19.39104885190491,-19.471221532286734
-20,11.6,0.501,0.6091362362785214,0.5342228468218786,0.5365611093103309,-19.34733006577775,-19.43066404581336
-20,11.8,0.498,0.6054567542646493,0.5292684559545294,0.5312908088840613,-19.301939615369232,-19.381259037234457
-20,12.0,0.495,0.6030832314300816,0.5270070116038023,0.5287570257742794,-19.25513738408463,-19.33278650305479
-20,12.2,0.493,0.598379626491226,0.5198754765627366,0.5212818519267421,-19.206363781584567,-19.274934478817897
-20,12.4,0.49,0.5955493232118919,0.5167112949270256,0.5178313101904835,-19.155564528274223,-19.21985759178591
-20,12.6,0.489,0.5927831000132397,0.5136729617210167,0.5145247491802375,-19.103318246367817,-19.164152081106437
-20,12.8,0.487,0.5906521896161391,0.5119580723362716,0.51257271262339,-19.049313542595623,-19.109123523495782
-20,13.0,0.486,0.588576695049436,0.5103170552051104,0.5107132085388806,-18.994126214383098,-19.05324464563975
-20,13.2,0.485,0.5859994618243987,0.5075669661900843,0.5077466789503842,-18.937757407420886,-18.99398471707738
-20,13.4,0.485,0.5840423671938402,0.5061030360671049,0.5060923958143135,-18.879828857804963,-18.935145355127844
-20,13.6,0.484,0.581047021375567,0.5023926396483438,0.5021848747242875,-18.82040590505613,-18.870984611110032
-20,13.8,0.489,0.5792027673893653,0.5011353707215863,0.50076239237126,-18.76018287478757,-18.808998044603356
-20,14.0,0.496,0.5790109153385364,0.5034020359802397,0.5029140914958078,-18.70032242179482,-18.753458640607818
-20,14.2,0.502,0.5788578589697452,0.5056648621939704,0.5050821502265905,-18.64115015702762,-18.699029562445844
-20,14.4,0.507,0.5798124907843747,0.510171594005847,0.5095161908757017,-18.582533091790246,-18.6493834490781
-20,14.6,0.512,0.5808032718726134,0.5145980385011818,0.5138802274386622,-18.524466778000225,-18.601126317668673
-20,14.8,0.517,0.5812998665438586,0.5178043405784131,0.5170255946814802,-18.466996189724306,-18.551401030352395
-20,15.0,0.521,0.581297203035709,0.5198175706623411,0.5189747741757827,-18.409760826411052,-18.499518890231627
-20,15.2,0.526,0.5818447626157122,0.5228883794854609,0.5219804391795195,-18.353037832523135,-18.449696216780552
-20,15.4,0.53,0.5829307326171435,0.5269965061367409,0.5260275928176861,-18.296860798181505,-18.402792007961153
-20,15.6,0.534,0.5835078582231318,0.5299263733281899,0.5288982193671686,-18.240850076894837,-18.35474774550002
-20,15.8,0.538,0.5835811293394345,0.531702277118321,0.5306110124310033,-18.185156048897987,-18.30457465244345
-20,16.0,0.54,0.5841830799201327,0.5345088311987537,0.5333488112845793,-18.12978020882951,-18.256293716960926
-20,16.2,0.545,0.5842729967865627,0.5361956946106131,0.5349697478072268,-18.074584041130002,-18.2065643139278
-20,16.4,0.549,0.5853914626040148,0.539959565048819,0.5386585448546549,-18.01967402859838,-18.160965772177036
-20,16.6,0.552,0.5865087662743792,0.5436475883161346,0.5422719021361142,-17.965157503993815,-18.11670539845815
-20,16.8,0.555,0.586614589072022,0.5451648853422657,0.5437229239250998,-17.910795478329696,-18.068704998222813
-20,17.0,0.558,0.5872280876415822,0.5476692628991591,0.5461505047164782,-17.856700053450815,-18.022367585350224
-20,17.2,0.561,0.58783628134243,0.5501189392466137,0.5485207962384291,-17.803041430259576,-17.9766642276837
-20,17.4,0.564,0.5884407040164085,0.552513249538101,0.5508357229776946,-17.749645565636364,-17.93131102565934
-20,17.6,0.567,0.5890407848271133,0.5548519445961164,0.5530923592727851,-17.696456467400644,-17.886300278487226
-20,17.8,0.57,0.5896349108734399,0.5571357284749732,0.5552910425574032,-17.643477332028418,-17.841639029454058
-20,18.0,0.573,0.5907187729925023,0.5603598294927004,0.5584243966556058,-17.59088354988372,-17.799447322390137
-20,18.2,0.576,0.5912988335398188,0.5625196066905007,0.5604978727496057,-17.538679352747998,-17.75607621220351
-20,18.4,0.579,0.5918769822449855,0.5646206208264115,0.5625145590011661,-17.48675627971982,-17.712665907919956
-20,18.6,0.581,0.5919603729587407,0.5656957674847078,0.5635077996627316,-17.43500715386101,-17.667548471817298
-20,18.8,0.584,0.5930058722304083,0.5686766181315328,0.5663920117368995,-17.383438262067205,-17.62627579275724
-20,19.0,0.587,0.5930764392974986,0.5696748534987238,0.5673082167413842,-17.332224215564384,-17.58198285090367
-20,19.2,0.589,0.5936216512027697,0.5715992969867999,0.5691396536561316,-17.2813135531451,-17.539221238155477
-20,19.4,0.591,0.5941560250376465,0.5734838001213559,0.5709324114903329,-17.230658994674275,-17.497021996132702
-20,19.6,0.594,0.5946829158333162,0.5753271199942667,0.5726835932266425,-17.180265309287524,-17.45511596876557
-20,19.8,0.596,0.5952004356714016,0.5771287873390472,0.5743917353548579,-17.130190881011846,-17.413498845792503
-20,20.0,0.599,0.5961808883074987,0.579816897674201,0.5769814264835241,-17.080544352814105,-17.374247338076174
-20,20.2,0.601,0.5962171803130218,0.5805977215683636,0.5776770128333528,-17.031206895426568,-17.331747150067457
-20,20.4,0.603,0.5967111588543751,0.5822728921670045,0.5792595306207984,-16.982170677526245,-17.29065864545248
-20,20.6,0.605,0.5971933495414009,0.583913502109419,0.5808059824034908,-16.93342436954048,-17.250133515904054
-20,20.8,0.607,0.5976651027317771,0.5855186314756282,0.5823175007275135,-16.884844169868916,-17.209961072359988
-20,21.0,0.609,0.5985852948909768,0.587987991014876,0.5846881989414695,-16.83663537064699,-17.17199227557242
-20,21.2,0.611,0.5985801654741879,0.5886113008045212,0.5852259725495714,-16.78872898814699,-17.13076586861979
-20,21.4,0.614,0.5990227160665721,0.5901069356388813,0.586628361315193,-16.74100463594799,-17.091016408266285
-20,21.6,0.616,0.5994534482717723,0.5915727803860161,0.5880000656376003,-16.693563836618456,-17.051800429961133
-20,21.8,0.618,0.6003260452045512,0.5938873603292452,0.5902180074101142,-16.646293127546517,-17.014808860446067
-20,22.0,0.619,0.6002882434590394,0.5943992880146951,0.5906467228710879,-16.599245210432105,-16.974707524331507
-20,22.2,0.621,0.6006927771635134,0.5957686401081221,0.591924025941928,-16.552366157575694,-16.935909430134757
-20,22.4,0.623,0.6010871690738888,0.5971113117354654,0.5931747335963365,-16.505765703284215,-16.897695617632564
-20,22.6,0.625,0.601919859824224,0.5992874591824654,0.5952568027789943,-16.45949953849804,-16.861610558830193
-20,22.8,0.627,0.6023013690382104,0.6005570684821584,0.5964385261189685,-16.41346219785355,-16.824403600626624
-20,23.0,0.629,0.6017930529865239,0.6000923422453328,0.5958954987548364,-16.367654134387227,-16.783137677275647
-20,23.2,0.63,0.60304405613808,0.6030327163066307,0.5987359130092446,-16.32207591054537,-16.748961199833445
-20,23.4,0.632,0.6029666455467055,0.6033815153559152,0.5990028229620086,-16.276622676850867,-16.710725070611716
-20,23.6,0.634,0.6033258653664647,0.6045618470664186,0.6000945965942907,-16.231349734060803,-16.673572846694526
-20,23.8,0.635,0.604114625401969,0.6065553400106207,0.6019954171046307,-16.18652416312533,-16.63883162530624
-20,24.0,0.637,0.6040249120682373,0.60683963293871,0.602196893300687,-16.141827766621123,-16.601021058809522
-20,24.2,0.636,0.6048010983074833,0.6087753711529038,0.604044448788792,-16.096785231144555,-16.566425490971483
-20,24.4,0.633,0.602552955064257,0.6049137630315897,0.600118010076825,-16.05086823268293,-16.51895475292639
-20,24.6,0.63,0.6007617815568506,0.6020020770885497,0.5971216375103467,-16.003652599771996,-16.469668354228133
-20,24.8,0.628,0.5989805145871591,0.5992186683786588,0.5942476496930394,-15.954924907592996,-16.41909398702944
-20,25.0,0.626,0.5959838992779343,0.5941752719262392,0.5891157875105736,-15.904148505481075,-16.36112143758089
-20,25.2,0.624,0.5942285203828381,0.5917007393673802,0.5865334240055897,-15.851536353449985,-16.305765740197216
-20,25.4,0.622,0.5924726916640767,0.5893551794427009,0.5840812449131473,-15.798059647031648,-16.24991059305472
-20,25.6,0.621,0.5919031947270572,0.5894630081532972,0.5840710290008354,-15.743558757743738,-16.198858649045917
-20,25.8,0.619,0.589761147305801,0.5865158008705336,0.5810294105985355,-15.687552574803401,-16.1400269717206
-20,26.0,0.618,0.5884048784921633,0.5852089562374987,0.5796140315049166,-15.630099978453512,-16.082333185004586
-20,26.2,0.617,0.5862802332013559,0.582442879506241,0.5767577146565356,-15.57115187687803,-16.020112279215084
-20,26.4,0.616,0.5845402618814634,0.5805323694023127,0.5747549871999127,-15.510876700355976,-15.95761583335383
-20,26.6,0.614,0.5824225219358992,0.5779482184775759,0.5720904625919929,-15.449117862326355,-15.891937500511574
-20,26.8,0.614,0.5806828273948456,0.5762035278245701,0.5702684785324227,-15.385393061506967,-15.826302995339574
-20,27.0,0.613,0.5778415931243642,0.5722924337163224,0.5663139434464667,-15.319818389165029,-15.753241956651664
-20,27.2,0.612,0.5764621643116077,0.5714479952065872,0.5654010196667015,-15.252837320910864,-15.685365636593247
-20,27.4,0.611,0.5747138188841523,0.5699376223956347,0.5638475786053978,-15.18511126829302,-15.615584222508064
-20,27.6,0.611,0.573684840329108,0.5699588186117039,0.5638132509932419,-15.116429731463176,-15.548560327561518
-20,27.8,0.61,0.5719387570079968,0.5685563599861023,0.5623928650530332,-15.046204802621478,-15.477175133448952
-20,28.0,0.611,0.5701943263488451,0.5671889599267533,0.5610167970386104,-14.97466420609388,-15.403906620316377
-20,28.2,0.613,0.5691551043515228,0.567319540368891,0.5611240736575601,-14.902736956889303,-15.333717612558928
-20,28.4,0.616,0.5691752351338983,0.5696731308112597,0.5634173719999829,-14.831182629642033,-15.27022445852157
-20,28.6,0.618,0.569562877594592,0.572782237904995,0.5664479926235775,-14.76010950092618,-15.210230734738332
-20,28.8,0.621,0.5692608676212599,0.5744445687737202,0.5680585258913834,-14.689464688744895,-15.1472729496424
-20,29.0,0.623,0.5696856232235604,0.5775156839247965,0.5710394494515973,-14.61914131348485,-15.08807957936915
-20,29.2,0.625,0.5697722014311934,0.5797922597187705,0.5732984151930149,-14.549193118638161,-15.028235949772693
-20,29.4,0.627,0.5695172164609174,0.5811355702429634,0.5748241190577995,-14.479511905252682,-14.966410261115529
-20,29.6,0.629,0.5699822452670386,0.583799334911088,0.5776933757736306,-14.410468611294139,-14.90847399134691
-20,29.8,0.631,0.5701050849961475,0.5857191243365412,0.5798464317332189,-14.341793280675834,-14.849930939893397
-20,30.0,0.633,0.5702404546568517,0.5875646682443151,0.581958489467477,-14.273270601666557,-14.791502662749224
-20,30.2,0.634,0.5703851200786668,0.589386941329289,0.5840287507546243,-14.20516192992486,-14.733514334247786
-20,30.4,0.636,0.5705384692059874,0.5911756781999122,0.5860601293156552,-14.137304368696025,-14.67597523981715
-20,30.6,0.638,0.5706997974283678,0.5929141371344564,0.5880518396442633,-14.069904996594774,-14.618849270792225
-20,30.8,0.64,0.5708685843096981,0.5946407475848475,0.5900041122170939,-14.002958801626706,-14.562166178503105
-20,31.0,0.641,0.5710442481635947,0.5963530838474367,0.5919166332926886,-13.936355882656672,-14.505916118140703
-20,31.2,0.643,0.5712266979179753,0.5980127704028478,0.5937899123294939,-13.869986936641256,-14.450036637693302
-20,31.4,0.644,0.5710556780560816,0.5989624976771523,0.5949729395471942,-13.803847692803263,-14.392604888395455
-20,31.6,0.646,0.5716096822114091,0.6012349405244279,0.5974162477911259,-13.737985882812639,-14.338927360313562
-20,31.8,0.647,0.5714462879713742,0.6021669082729263,0.5985371969216906,-13.672500994698142,-14.28259930112381
-20,32.0,0.648,0.5720018095411804,0.6043974755807483,0.6008981752295236,-13.607439912828882,-14.229747258329667
-20,32.2,0.65,0.5718546652291285,0.6052864005296007,0.6019511900580179,-13.542745467857715,-14.174230238385348
-20,32.4,0.651,0.5724167133904273,0.6074302745055665,0.6042293668811356,-13.478309010214762,-14.122134894597652
-20,32.6,0.652,0.5722803504491263,0.6082586127473769,0.6052169884342609,-13.414074198952765,-14.06736862278791
-20,32.8,0.654,0.57249689290824,0.6096986680710779,0.6067889515677883,-13.350191597741377,-14.014033017451881
-20,33.0,0.655,0.5727160572828606,0.6111236202891974,0.6082531545208015,-13.286604283379097,-13.961379166468364
-20,33.2,0.656,0.5729385344188554,0.6125294207940739,0.6095996166284774,-13.223358896415368,-13.909101151701464
-20,33.4,0.657,0.5731634849702645,0.6139126537109141,0.6109204740235541,-13.160398896964447,-13.85717458915508
-20,33.6,0.658,0.5737463789173467,0.6158936678812016,0.6128307633093812,-13.09761663364973,-13.807549914878678
-20,33.8,0.66,0.573627527352725,0.6165730894324947,0.6134944812817699,-13.03500761138103,-13.754784735736452
-20,34.0,0.661,0.5742146538923837,0.6184505885571479,0.6153394801597772,-12.972721003892428,-13.705542739184184
-20,34.2,0.662,0.5741033958993373,0.6190422746441117,0.615955822628067,-12.910751617472538,-13.653558414513498
-20,34.4,0.663,0.5743438944547267,0.6202064268879143,0.6171348448043731,-12.849043339980467,-13.602890928203182
-20,34.6,0.664,0.5745831560367433,0.6213641438640942,0.6182969065307338,-12.787693656628376,-13.552875973393498
-20,34.8,0.665,0.5751740285469819,0.6231146168308511,0.6200326528696034,-12.726595365230013,-13.505340614610306
-20,35.0,0.666,0.5750714377151772,0.623611178997876,0.6205618103822573,-12.665590843111476,-13.454727436523003
-20,35.2,0.667,0.5753187979478227,0.6246927967657577,0.6216481055226256,-12.604675753156117,-13.405365441512458
-20,35.4,0.668,0.5755640058929941,0.6257713567329735,0.6227135898037964,-12.543998198045347,-13.356635323296873
-20,35.6,0.669,0.57615853957119,0.6274211642297516,0.6243445997623225,-12.483705650468199,-13.310311437367659
-20,35.8,0.67,0.576061636235545,0.6278399820333359,0.6247936093585194,-12.423792961019492,-13.260957593235107
-20,36.0,0.671,0.5763127513785501,0.6288316586994761,0.6257875929348894,-12.36415403224702,-13.213102983780347
-20,36.2,0.672,0.5765622861305766,0.6298336780208715,0.626762858712494,-12.304686179801754,-13.165701914218914
-20,36.4,0.672,0.5768119268210461,0.6308199774152492,0.6277216806225011,-12.2450807237933,-13.11850514832753
-20,36.6,0.673,0.5774067957761655,0.632358832557448,0.6292329170319951,-12.185891036579108,-13.073599470369174
-25,0.0,0.799,0.7741499045508138,0.7705462701402402,0.7614519385420535,-24.995416484688832,-24.99999999999997
-25,0.2,0.799,0.771822683529568,0.7675742159346911,0.7583843768451043,-24.995416484688832,-25.03265794273875
-25,0.4,0.799,0.7739843768752424,0.7695875842933912,0.7603115310988416,-24.993965296107348,-25.034993436934002
-25,0.6,0.799,0.7739724652785108,0.7692375406821924,0.7598807055776778,-24.992561301065223,-25.037277827548138
-25,0.8,0.799,0.7717880656473339,0.7665285564941908,0.7570983261357969,-24.991122981626773,-25.03913907165216
-25,1.0,0.8,0.7739465670796172,0.7685914794136662,0.759095391976267,-24.989688730460614,-25.041831207069208
-25,1.2,0.799,0.7739325200237777,0.768261410622596,0.7587002739906357,-24.98829688239823,-25.044238928573662
-25,1.4,0.8,0.7717456443202704,0.765552190701812,0.7559293483326238,-24.986870532738067,-25.046106587136734
-25,1.6,0.8,0.7785840140984088,0.7727085394276516,0.7630265436240143,-24.985524800530953,-25.04968865058146
-25,1.8,0.8,0.7696395749348419,0.7625732414265786,0.7528283228324306,-24.984144535809946,-25.05038799706068
-25,2.0,0.8,0.7738774208128066,0.7669401683514139,0.7571446587176641,-24.982691313305594,-25.05315895980081
-25,2.2,0.8,0.7716883386706146,0.7642089877182855,0.7543580186949528,-24.98128060254649,-25.055023874440934
-25,2.4,0.8,0.7738495002099859,0.7662649305676174,0.756360350877656,-24.97987381754257,-25.05749498748662
-25,2.6,0.8,0.7738354184858177,0.7659118356309147,0.7559514756197707,-24.97850927496316,-25.059678198582446
-25,2.8,0.8,0.7738217580062808,0.7655569979571676,0.7555416934877852,-24.977148517484267,-25.06174981340442
-25,3.0,0.8,0.76955268328908,0.7605140970819472,0.7504463762872859,-24.97571482158716,-25.062827934542128
-25,3.2,0.8,0.7716187113954995,0.7624866379805773,0.7523719995827073,-24.974246642735693,-25.065034918338796
-25,3.4,0.8,0.7737819652457203,0.7645347966805903,0.7543680229284531,-24.972859460034414,-25.067438528317012
-25,3.6,0.8,0.771590491203075,0.761771164298935,0.7515505760650036,-24.97147613020391,-25.06896822488349
-25,3.8,0.8,0.7715771575338037,0.761421950584229,0.7511495753532513,-24.970058275261835,-25.07072651528938
-25,4.0,0.8,0.7737421384949926,0.7634702077744763,0.75314473538348,-24.968682752618605,-25.072977509782334
-25,4.2,0.8,0.7760147002649358,0.7656076717121993,0.7552262064794929,-24.96738747680149,-25.075324464671553
-25,4.4,0.8,0.7737148260320845,0.7627082802614401,0.7522688536806766,-24.966095779823718,-25.076788424811696
-25,4.6,0.801,0.773702116301815,0.7623395318525837,0.7518450077595528,-24.964769517915357,-25.078482609959536
-25,4.8,0.8,0.7736889934030946,0.7619703480702198,0.7514212195132465,-24.96344694944014,-25.080203040413323
-25,5.0,0.8,0.773676024117276,0.7616020656900149,0.750999996268568,-24.962128058921877,-25.081842701884085
-25,5.2,0.801,0.7693977184373211,0.7565085305376921,0.7458560647437277,-24.960736299164267,-25.08258617978524
-25,5.4,0.801,0.7736510158927105,0.7609034526338071,0.7502008755764653,-24.95934843859746,-25.084893410781547
-25,5.6,0.801,0.7759268372991911,0.763051556555974,0.7522924988355477,-24.958079068740886,-25.087078187795072
-25,5.8,0.801,0.7736241679949039,0.7601384702181586,0.749320764235606,-24.95681320218958,-25.088333120323313
-25,6.0,0.802,0.773611927239382,0.7597703093172713,0.7488978065613984,-24.955512751340308,-25.089792848730667
-25,6.2,0.797,0.7693297907115204,0.7546596156343253,0.743740434837976,-24.95413946251921,-25.09033346629556
-25,6.4,0.765,0.7456190891438961,0.7270752362594172,0.7161519323422139,-24.952105480816925,-25.08399002662395
-25,6.6,0.739,0.728663791701857,0.7062832502497748,0.6954304762777159,-24.948805143686343,-25.074775295268864
-25,6.8,0.717,0.7165043310737229,0.6908073753768397,0.6800924665390845,-24.94417356271572,-25.064328156526443
-25,7.0,0.698,0.7006034692490354,0.6694730752578366,0.6589896492375328,-24.937733762415093,-25.047068076457464
-25,7.2,0.682,0.6916930211773844,0.6574762375161324,0.6472976962794267,-24.92929969214393,-25.030977556848313
-25,7.4,0.666,0.6883109381616536,0.6535977163891001,0.6437443486152917,-24.919705504326544,-25.019399942768132
-25,7.6,0.652,0.6811674990780434,0.6438528873294744,0.6343608961538479,-24.908982315549736,-25.002869656994704
-25,7.8,0.64,0.6746369091210299,0.6349283225849575,0.6258390104570065,-24.896636929588254,-24.98412351566813
-25,8.0,0.627,0.6689521977873022,0.6272691426211405,0.6186173752322806,-24.882691534413823,-24.96432309374447
-25,8.2,0.616,0.6625966568472205,0.618402416058071,0.6102338784868621,-24.86700926364557,-24.941325580166108
-25,8.4,0.606,0.6579264836206371,0.6123444119005641,0.6046808432311268,-24.849623367961243,-24.91863296116003
-25,8.6,0.595,0.6522452942358515,0.604474602201138,0.5973590095143992,-24.830517238907476,-24.892315939552162
-25,8.8,0.586,0.6451418684530753,0.5940306867403323,0.5875266943917119,-24.809083042265087,-24.85993761016752
-25,9.0,0.576,0.6414467102477266,0.5897642637953812,0.5838679605531012,-24.78560115538272,-24.831422103528922
-25,9.2,0.567,0.6370610902293349,0.5841855077488398,0.5789204562092823,-24.760557849606982,-24.800604843236584
-25,9.4,0.559,0.6341165980844982,0.5812568239771853,0.5766101282401157,-24.734082700046457,-24.77106072487169
-25,9.6,0.551,0.6299772518967257,0.576039092927914,0.5720339139344645,-24.70618374642231,-24.73757826975475
-25,9.8,0.544,0.6262125214803659,0.5715169891743925,0.5681596046676661,-24.676618257056532,-24.702555480374542
-25,10.0,0.537,0.6218363253774186,0.5658147587845563,0.5631343547934059,-24.645266879677138,-24.66410828862186
-25,10.2,0.53,0.6185202729976389,0.5621590217511795,0.5601446701797279,-24.61220124892796,-24.626082996237415
-25,10.4,0.525,0.6143724463068881,0.5568667121724282,0.5555468641850838,-24.57742986140724,-24.584257380032938
-25,10.6,0.519,0.611003939157953,0.5531019093933409,0.5524733188685964,-24.540898144457884,-24.542151407968674
-25,10.8,0.512,0.6061978946033236,0.5464772430818056,0.5465932358452724,-24.50235605068204,-24.493863087210258
-25,11.0,0.51,0.6042792343735001,0.5456286872362969,0.5464127700593713,-24.46220453496042,-24.45178865382303
-25,11.2,0.506,0.6013449778174016,0.5426727414763003,0.544149581185423,-24.420975736585007,-24.406435894671546
-25,11.4,0.502,0.5974474461432433,0.537737832258647,0.5399457742576766,-24.378023532253277,-24.355651248670938
-25,11.6,0.499,0.5942521152620801,0.5342132844792531,0.5371434690610911,-24.33322688490878,-24.304484657898684
-25,11.8,0.496,0.5909258628401093,0.5304003689239553,0.534063909668035,-24.286726192652562,-24.251164440717787
-25,12.0,0.493,0.588653688865791,0.5287233056217777,0.5330919425004608,-24.238793124763728,-24.199619995474876
-25,12.2,0.491,0.5837300481977221,0.5215219583200124,0.5267205676699448,-24.18884372555021,-24.1370019693573
-25,12.4,0.489,0.5813865486578269,0.5196767443308093,0.5256210125957472,-24.136822357348986,-24.07975956617912
-25,12.6,0.487,0.5783415334138018,0.5163308806721979,0.5230637952842211,-24.083334638990944,-24.019510520556423
-25,12.8,0.485,0.5751808333314882,0.5126954520272339,0.5202399426747205,-24.028091352111485,-23.956392337019423
-25,13.0,0.484,0.5739107952542499,0.5130174494649333,0.521283402601097,-23.97206515145214,-23.898785988983064
-25,13.2,0.483,0.5708644357901939,0.5095282920867531,0.5186121289983148,-23.915107823803393,-23.834000691493088
-25,13.4,0.482,0.5685878974274261,0.5076394757015765,0.517516010844834,-23.856667866021947,-23.769344564804584
-25,13.6,0.482,0.5658122391046493,0.5046766594606074,0.515386194676653,-23.796893085124363,-23.701458640772017
-25,13.8,0.487,0.5653478159784988,0.5066751331885824,0.5180793849546838,-23.73631643148942,-23.641582359654592
-25,14.0,0.493,0.5649001224678823,0.5087114099965641,0.5207774206103133,-23.675764553625974,-23.58317294119098
-25,14.2,0.498,0.5658694739277559,0.5137437295287318,0.5263348680029911,-23.61572340777317,-23.53077694221483
-25,14.4,0.504,0.5656346951266084,0.5161516649980267,0.5293055199618891,-23.556281726726432,-23.474959167000975
-25,14.6,0.509,0.5664600359681162,0.520736614775067,0.534339589502951,-23.49729072261521,-23.423019007536254
-25,14.8,0.513,0.5666041821068637,0.5238073739868214,0.5378663474646633,-23.438836456163635,-23.369604623360317
-25,15.0,0.518,0.5665854969985351,0.526461327823106,0.5409617945313516,-23.38058274915206,-23.315385729677985
-25,15.2,0.522,0.5676116067552824,0.531249326899724,0.5460820086814412,-23.322819635001103,-23.265650484203633
-25,15.4,0.526,0.5677789769507795,0.5341861742623307,0.549378426669754,-23.265589416555734,-23.213851232840966
-25,15.6,0.53,0.5677781231817279,0.5367078446489291,0.5522524019357794,-23.20850888645389,-23.161086582079804
-25,15.8,0.534,0.5682955212687433,0.5402485938700696,0.5560850881733089,-23.151690602514655,-23.110618292514317
-25,16.0,0.537,0.5684689295496603,0.5430405023071851,0.5591727427202492,-23.095187632930894,-23.05952009945463
-25,16.2,0.541,0.5686428154576266,0.5457845606297128,0.5621957905939028,-23.038873830681062,-23.00854835007428
-25,16.4,0.544,0.5691570582888967,0.5491786996591859,0.5658221360533873,-22.98286846618742,-22.959338051597598
-25,16.6,0.547,0.5696709296681489,0.5525258971767903,0.5693788608342081,-22.92729165430827,-22.910752059522792
-25,16.8,0.551,0.5695031804025954,0.554452839400268,0.5715566914130614,-22.87190540335211,-22.859929875025983
-25,17.0,0.553,0.5703527575716199,0.5583650091382141,0.575627311784609,-22.81683375588846,-22.813056930183762
-25,17.2,0.556,0.5706909279597056,0.561219630675794,0.5786591056579665,-22.76225949314371,-22.765362216371273
-25,17.4,0.559,0.5710299789053157,0.5640167281486259,0.5816217491342064,-22.7080085728985,-22.717725605777332
-25,17.6,0.562,0.5711974283005249,0.5664291662203053,0.5842031133390095,-22.654031005856346,-22.669767963698717
-25,17.8,0.565,0.5715308405411742,0.5691203718561407,0.5870421492726221,-22.60033293053433,-22.62273342018588
-25,18.0,0.568,0.5721966198993463,0.572415257112106,0.5904437666197198,-22.54709490393045,-22.57744099398451
-25,18.2,0.57,0.5725231238722734,0.5750106490740077,0.5931600186774976,-22.494319256264866,-22.531597375677336
-25,18.4,0.573,0.5728507892516684,0.5775497152909164,0.5958151871370813,-22.44189059649994,-22.48588862692057
-25,18.6,0.576,0.5728404866691212,0.579402568956724,0.5978027712113473,-22.38969288344855,-22.439174859027617
-25,18.8,0.578,0.5731608323053691,0.5818417717059376,0.6003484991184485,-22.33772431628201,-22.393744768183325
-25,19.0,0.581,0.5736410800595271,0.5845520547079577,0.6031430612604812,-22.28614879188662,-22.34952889486837
-25,19.2,0.583,0.573785100639839,0.5865960490694859,0.6052920781396327,-22.23489570715181,-22.304459692375133
-25,19.4,0.585,0.5740955707944031,0.58890231096187,0.6076901982346126,-22.183894497065342,-22.26011309939335
-25,19.6,0.588,0.5742351580133024,0.5908612334422652,0.6097446518128494,-22.133131483182286,-22.215552397663913
-25,19.8,0.59,0.5747014152304895,0.5933851641076469,0.612336856985383,-22.08265084366322,-22.17239867407767
-25,20.0,0.592,0.5751631183953145,0.5958667167773266,0.6148781492655749,-22.032555083259656,-22.12987271649817
-25,20.2,0.594,0.5752953657058341,0.5977045991998492,0.6167968849567699,-21.98272118085227,-22.086420986996643
-25,20.4,0.597,0.5757550429507843,0.6000920505269788,0.6192417517424623,-21.933143394571392,-22.044350271736306
-25,20.6,0.599,0.5758816396750637,0.601849108083148,0.6210727786781773,-21.883818503603056,-22.001494089032406
-25,20.8,0.601,0.5760068820186092,0.60356737272129,0.6228660968924612,-21.83463263290547,-21.95872246112515
-25,21.0,0.603,0.5767816831781402,0.6064099525032645,0.6257297964432146,-21.785811570033804,-21.918692099718754
-25,21.2,0.605,0.5767361009769129,0.6077700078338683,0.6271658124574585,-21.737299602768264,-21.876398566811872
-25,21.4,0.607,0.577180258154293,0.6099496234774227,0.6293851782520803,-21.68898623797968,-21.835645418695663
-25,21.6,0.609,0.5774564406668194,0.6118079355713233,0.6312884587367937,-21.64098507389527,-21.794902003642733
-25,21.8,0.611,0.577570169270087,0.6133476667404845,0.6328865077345871,-21.593186240135555,-21.75372645019243
-25,22.0,0.612,0.5780039306336907,0.6154144438767841,0.6349887104682435,-21.545646741446735,-21.713865870386968
-25,22.2,0.614,0.5779505051463849,0.6166131139608335,0.6362550262460218,-21.498308932752384,-21.67270912132713
-25,22.4,0.616,0.5786975892421432,0.6191634804526157,0.6388172854200538,-21.451284187809865,-21.634503107233826
-25,22.6,0.618,0.5788015155921812,0.620578359630868,0.6402803822250999,-21.404627680535885,-21.59481386776298
-25,22.8,0.62,0.579223795220548,0.6225048590034975,0.6422344144341815,-21.358229171658213,-21.556169468879403
-25,23.0,0.621,0.5793241951729081,0.6238553730485872,0.6436306168060341,-21.312088706372425,-21.51676623087883
-25,23.2,0.623,0.579741395057975,0.6256883242649643,0.6455176338024322,-21.266206060636467,-21.478585980373396
-25,23.4,0.625,0.579520454078312,0.626372970499651,0.6463442104843896,-21.22047182966283,-21.43839980941908
-25,23.6,0.626,0.5800878136067676,0.6283501517071002,0.6484309249019138,-21.17494042273778,-21.400971801279866
-25,23.8,0.628,0.5806529323753721,0.6302877971519791,0.6504781972980329,-21.129882648592105,-21.364369935244582
-25,24.0,0.629,0.5802699691634311,0.6306136276933662,0.6509836886135562,-21.084971661439756,-21.324437185806005
-25,24.2,0.628,0.5794192248413655,0.6300962330477616,0.6507395122870142,-21.03972045804669,-21.281667195454133
-25,24.4,0.625,0.5774795310795404,0.6277482043151908,0.6487957900516468,-20.9935880236675,-21.233643875378675
-25,24.6,0.622,0.5753956332170319,0.6251409532641712,0.646694980596911,-20.946137632283794,-21.182866149401946
-25,24.8,0.62,0.5728606128029535,0.6217542374088167,0.6439742111112023,-20.89714987229651,-21.128557698683778
-25,25.0,0.618,0.5692884757623845,0.6166354725376034,0.6397204608729243,-20.84607449451768,-21.067519135123206
-25,25.2,0.615,0.5673510713153455,0.614225118734819,0.6375814559493957,-20.793127964504222,-21.010381200649647
-25,25.4,0.613,0.5664236194313668,0.6136258665078419,0.637112022571018,-20.739304365166774,-20.957585304194765
-25,25.6,0.612,0.5640328063630464,0.6105390460966224,0.6343623062230112,-20.68444133260952,-20.89814941087505
-25,25.8,0.61,0.5617894107236622,0.607617184612705,0.6318782378647537,-20.628044964751677,-20.836476550044807
-25,26.0,0.609,0.5595405492868334,0.6046418415266873,0.6294429288731332,-20.570174815109123,-20.773232325546076
-25,26.2,0.607,0.5571424472023724,0.6013197845030063,0.626771335992549,-20.51077977170034,-20.70772195925406
-25,26.4,0.606,0.5553006227816728,0.5989396307612878,0.6249767317210448,-20.450032031776924,-20.643221535557444
-25,26.6,0.605,0.5524674220346185,0.5948843943743934,0.6215703321312545,-20.38777017795298,-20.573465103155513
-25,26.8,0.604,0.5493510050234625,0.5902964585498562,0.6177320822732595,-20.32349729324134,-20.500186560234226
-25,27.0,0.603,0.5467705993076935,0.5865382469323774,0.6149642363898988,-20.25733151630505,-20.425362660851533
-25,27.2,0.602,0.5447184176915845,0.5837526735788575,0.6129900123663445,-20.1897284342133,-20.35179912857629
-25,27.4,0.601,0.543749341193473,0.582836351384537,0.6126618281990377,-20.12136771867504,-20.282913689311528
-25,27.6,0.6,0.5411370026861785,0.5791716328997887,0.6096710926195226,-20.052033092838517,-20.206297267304848
-25,27.8,0.599,0.5386531639425929,0.575554769884335,0.6069640527488261,-19.981118691238922,-20.1280501168346
-25,28.0,0.6,0.5365561437344903,0.5726467751569763,0.6050037325620956,-19.90885815897312,-20.05112703283359
-25,28.2,0.602,0.5363438796204942,0.5729821069959772,0.606147434745363,-19.836208529025814,-19.981034747433796
-25,28.4,0.605,0.5361464716900247,0.5735035358223937,0.6073683866989215,-19.763953378596828,-19.912800151783784
-25,28.6,0.607,0.5362527902578564,0.5746540064439098,0.6090447028290568,-19.692204466298566,-19.84672713062679
-25,28.8,0.609,0.5359806467756083,0.5750971527039517,0.610083859594845,-19.62090667810404,-19.779975160126696
-25,29.0,0.611,0.5358734025702799,0.5757641983496512,0.6113184487413571,-19.549949608231007,-19.714969220005685
-25,29.2,0.613,0.5357889387839764,0.5765082988078779,0.6125473428101663,-19.479387922099225,-19.65001112368566
-25,29.4,0.615,0.5354486305420881,0.5768545585745669,0.6133386050910618,-19.40911016805217,-19.58277433974223
-25,29.6,0.617,0.536374061018777,0.5793182940603605,0.6160310583888353,-19.339497843925674,-19.52196115286833
-25,29.8,0.619,0.5353968244296403,0.5785456808272498,0.615773222090918,-19.270273103489163,-19.45355408915944
-25,30.0,0.621,0.5358118980265453,0.5799995261913355,0.6175106460863959,-19.201219651155416,-19.390735688580094
-25,30.2,0.622,0.5355559802959773,0.580365253759732,0.6181763800532624,-19.132607189561188,-19.32692875551936
-25,30.4,0.624,0.535590994336006,0.5812021352339243,0.6192053427698064,-19.064267970717342,-19.264925692190502
-25,30.6,0.625,0.5359181650327903,0.5825368435295551,0.6206275910004891,-18.996414435413133,-19.20302438109033
-25,30.8,0.627,0.535989377398808,0.5834497189134296,0.6215773322632716,-18.929041300230782,-19.140505511686655
-25,31.0,0.628,0.5360778165470639,0.5843595834027167,0.6224910394931585,-18.86203566992791,-19.078207502069887
-25,31.2,0.629,0.5359029441247651,0.5847792318453546,0.6229659607753322,-18.795285380041836,-19.01501729982121
-25,31.4,0.631,0.5360161637947178,0.5856146669782196,0.6238165124250047,-18.728786131002895,-18.953402891322327
-25,31.6,0.632,0.5359995621052666,0.586222073997707,0.6244480001032034,-18.66258701541858,-18.892132234241615
-25,31.8,0.633,0.5364106965309491,0.5875073316562501,0.6256713107408132,-18.596789979181267,-18.833626815753576
-25,32.0,0.634,0.5365581094555631,0.5883739497188759,0.6264897227998159,-18.531442937132315,-18.775010226848707
-25,32.2,0.635,0.5368602767768353,0.5894674843585703,0.6274875679948989,-18.466487120727834,-18.715731586690197
-25,32.3999999999999,0.636,0.5367576230846088,0.5898968692824745,0.6278644987423629,-18.401811182168736,-18.65491490020469
-25,32.6,0.637,0.5369420405792498,0.5907498161768321,0.6286080446752974,-18.337357406437352,-18.59528294226203
-25,32.7999999999999,0.638,0.537269835820421,0.5918309348344347,0.629542356207747,-18.2732798935056,-18.536957797119275
-25,33.0,0.639,0.5373309696618622,0.5924718495848244,0.6300701553276175,-18.209520281131212,-18.47796466905132
-25,33.1999999999999,0.64,0.5378201342646461,0.5937408198276221,0.6311739035999758,-18.146126289553802,-18.42123335382729
-25,33.3999999999999,0.641,0.5377619317463577,0.59413019767691,0.6314808181681929,-18.083040122247933,-18.362908367948624
-25,33.5999999999999,0.642,0.5379911933345192,0.5949185030716372,0.6321506277785635,-18.02015190697905,-18.305889659282656
-25,33.7999999999999,0.642,0.5379472781505639,0.595261650384913,0.6324122693224159,-17.95745704138021,-18.248392143137185
-25,33.9999999999999,0.643,0.5385955842295072,0.5966772218742749,0.6336411588254596,-17.89510792243253,-18.194499477109076
-25,34.1999999999999,0.643,0.5385666379445615,0.5970377893830839,0.6338975146629842,-17.83309906829875,-18.13757685435138
-25,34.3999999999999,0.644,0.539092720686789,0.5982399560403735,0.6349105945005754,-17.77137303378167,-18.082559748004968
-25,34.5999999999999,0.644,0.5393542696423573,0.5990300863869329,0.6355365109381703,-17.710029196799226,-18.02718069717136
-25,34.7999999999999,0.644,0.5396221068109209,0.5998096878297401,0.6361465119265207,-17.648957986773798,-17.971909981230766
-25,34.9999999999999,0.644,0.5394851214010522,0.5999343488087053,0.6361563381178045,-17.587998536091806,-17.914925353793283
-25,35.1999999999999,0.644,0.539759151884098,0.6006583738903851,0.6367173104881486,-17.52714647537862,-17.85967500011506
-25,35.3999999999999,0.643,0.5400330007103059,0.6013759147436534,0.6372762335083598,-17.466552824243042,-17.805111074236436
-25,35.5999999999999,0.643,0.5407209219915321,0.6027266895752937,0.6384136547891606,-17.406367772321165,-17.752977869592424
-25,35.7999999999999,0.643,0.5410080072431275,0.6034590707821992,0.6389842481804642,-17.346586022009284,-17.699961114802278
-25,35.9999999999999,0.642,0.5414409560311206,0.6043824607529368,0.6397306694558008,-17.287098920354047,-17.647690191875995
-25,36.1999999999999,0.642,0.5414702316712487,0.6046666705919942,0.6398925313176397,-17.227798400239315,-17.59409496875594
-25,36.3999999999999,0.641,0.5410972896618954,0.6042845779734111,0.6394508724608419,-17.168370249909113,-17.538361148274703
-25,36.5999999999999,0.641,0.5426024715987785,0.606800533670751,0.6416517260204633,-17.109377735356304,-17.491602671217066
