x_m,dx_m,layer,cell,dry_C_J_m3K,k_table
0.00125,0.0025,endplate,-1,3950000.0,15.0
0.00375,0.0025,endplate,-1,3950000.0,15.0
0.0062499999999999995,0.0025,endplate,-1,3950000.0,15.0
0.00875,0.0025,endplate,-1,3950000.0,15.0
0.010499999999999999,0.001,BP,0,1516680.0,95.0
0.0115,0.001,BP,0,1516680.0,95.0
0.012025,4.9999999999999996e-05,aGDL,0,100825.0,0.3
0.012074999999999999,4.9999999999999996e-05,aGDL,0,100825.0,0.3
0.012124999999999999,4.9999999999999996e-05,aGDL,0,100825.0,0.3
0.01215085,1.7e-06,aCL,0,232800.0,0.27
0.01215255,1.7e-06,aCL,0,232800.0,0.27
0.0121554,4e-06,PEM,0,2257500.0,0.24
0.0121594,4e-06,PEM,0,2257500.0,0.24
0.012163400000000001,4e-06,PEM,0,2257500.0,0.24
0.012167283333333336,3.766666666666667e-06,cCL,0,232800.0,0.27
0.012171050000000003,3.766666666666667e-06,cCL,0,232800.0,0.27
0.01217481666666667,3.766666666666667e-06,cCL,0,232800.0,0.27
0.012201700000000001,4.9999999999999996e-05,cGDL,0,100825.0,0.3
0.0122517,4.9999999999999996e-05,cGDL,0,100825.0,0.3
0.0123017,4.9999999999999996e-05,cGDL,0,100825.0,0.3
0.0128267,0.001,BP,0,1516680.0,95.0
0.0138267,0.001,BP,0,1516680.0,95.0
0.014826700000000002,0.001,BP,1,1516680.0,95.0
0.015826700000000003,0.001,BP,1,1516680.0,95.0
0.016351700000000004,4.9999999999999996e-05,aGDL,1,100825.0,0.3
0.016401700000000005,4.9999999999999996e-05,aGDL,1,100825.0,0.3
0.016451700000000007,4.9999999999999996e-05,aGDL,1,100825.0,0.3
0.016477550000000007,1.7e-06,aCL,1,232800.0,0.27
0.016479250000000008,1.7e-06,aCL,1,232800.0,0.27
0.01648210000000001,4e-06,PEM,1,2257500.0,0.24
0.01648610000000001,4e-06,PEM,1,2257500.0,0.24
0.01649010000000001,4e-06,PEM,1,2257500.0,0.24
0.01649398333333334,3.766666666666667e-06,cCL,1,232800.0,0.27
0.016497750000000005,3.766666666666667e-06,cCL,1,232800.0,0.27
0.01650151666666667,3.766666666666667e-06,cCL,1,232800.0,0.27
0.016528400000000006,4.9999999999999996e-05,cGDL,1,100825.0,0.3
0.016578400000000007,4.9999999999999996e-05,cGDL,1,100825.0,0.3
0.01662840000000001,4.9999999999999996e-05,cGDL,1,100825.0,0.3
0.01715340000000001,0.001,BP,1,1516680.0,95.0
0.01815340000000001,0.001,BP,1,1516680.0,95.0
0.01915340000000001,0.001,BP,2,1516680.0,95.0
0.020153400000000012,0.001,BP,2,1516680.0,95.0
0.020678400000000013,4.9999999999999996e-05,aGDL,2,100825.0,0.3
0.020728400000000015,4.9999999999999996e-05,aGDL,2,100825.0,0.3
0.020778400000000016,4.9999999999999996e-05,aGDL,2,100825.0,0.3
0.020804250000000017,1.7e-06,aCL,2,232800.0,0.27
0.020805950000000017,1.7e-06,aCL,2,232800.0,0.27
0.02080880000000002,4e-06,PEM,2,2257500.0,0.24
0.02081280000000002,4e-06,PEM,2,2257500.0,0.24
0.02081680000000002,4e-06,PEM,2,2257500.0,0.24
0.02082068333333335,3.766666666666667e-06,cCL,2,232800.0,0.27
0.020824450000000015,3.766666666666667e-06,cCL,2,232800.0,0.27
0.02082821666666668,3.766666666666667e-06,cCL,2,232800.0,0.27
0.020855100000000015,4.9999999999999996e-05,cGDL,2,100825.0,0.3
0.020905100000000017,4.9999999999999996e-05,cGDL,2,100825.0,0.3
0.020955100000000018,4.9999999999999996e-05,cGDL,2,100825.0,0.3
0.02148010000000002,0.001,BP,2,1516680.0,95.0
0.02248010000000002,0.001,BP,2,1516680.0,95.0
0.02348010000000002,0.001,BP,3,1516680.0,95.0
0.024480100000000022,0.001,BP,3,1516680.0,95.0
0.025005100000000023,4.9999999999999996e-05,aGDL,3,100825.0,0.3
0.025055100000000025,4.9999999999999996e-05,aGDL,3,100825.0,0.3
0.025105100000000026,4.9999999999999996e-05,aGDL,3,100825.0,0.3
0.025130950000000027,1.7e-06,aCL,3,232800.0,0.27
0.025132650000000027,1.7e-06,aCL,3,232800.0,0.27
0.02513550000000003,4e-06,PEM,3,2257500.0,0.24
0.02513950000000003,4e-06,PEM,3,2257500.0,0.24
0.02514350000000003,4e-06,PEM,3,2257500.0,0.24
0.02514738333333336,3.766666666666667e-06,cCL,3,232800.0,0.27
0.025151150000000025,3.766666666666667e-06,cCL,3,232800.0,0.27
0.02515491666666669,3.766666666666667e-06,cCL,3,232800.0,0.27
0.025181800000000025,4.9999999999999996e-05,cGDL,3,100825.0,0.3
0.025231800000000026,4.9999999999999996e-05,cGDL,3,100825.0,0.3
0.025281800000000028,4.9999999999999996e-05,cGDL,3,100825.0,0.3
0.02580680000000003,0.001,BP,3,1516680.0,95.0
0.02680680000000003,0.001,BP,3,1516680.0,95.0
0.02780680000000003,0.001,BP,4,1516680.0,95.0
0.02880680000000003,0.001,BP,4,1516680.0,95.0
0.029331800000000033,4.9999999999999996e-05,aGDL,4,100825.0,0.3
0.029381800000000034,4.9999999999999996e-05,aGDL,4,100825.0,0.3
0.029431800000000036,4.9999999999999996e-05,aGDL,4,100825.0,0.3
0.029457650000000037,1.7e-06,aCL,4,232800.0,0.27
0.029459350000000037,1.7e-06,aCL,4,232800.0,0.27
0.02946220000000004,4e-06,PEM,4,2257500.0,0.24
0.02946620000000004,4e-06,PEM,4,2257500.0,0.24
0.02947020000000004,4e-06,PEM,4,2257500.0,0.24
0.02947408333333337,3.766666666666667e-06,cCL,4,232800.0,0.27
0.029477850000000035,3.766666666666667e-06,cCL,4,232800.0,0.27
0.0294816166666667,3.766666666666667e-06,cCL,4,232800.0,0.27
0.029508500000000035,4.9999999999999996e-05,cGDL,4,100825.0,0.3
0.029558500000000036,4.9999999999999996e-05,cGDL,4,100825.0,0.3
0.029608500000000038,4.9999999999999996e-05,cGDL,4,100825.0,0.3
0.03013350000000004,0.001,BP,4,1516680.0,95.0
0.031133500000000036,0.001,BP,4,1516680.0,95.0
0.03288350000000004,0.0025,endplate,-1,3950000.0,15.0
0.03538350000000004,0.0025,endplate,-1,3950000.0,15.0
0.03788350000000004,0.0025,endplate,-1,3950000.0,15.0
0.040383500000000044,0.0025,endplate,-1,3950000.0,15.0
