case_hash,feasibility,stop_reason,success_time,last_valid_time,th_startup,startup_result,shutdown_status,E_aux_total_J,charge_C_cm2,wall_s,nfev,mass_residual,energy_residual,exception,V_min,ice_max,delta_T_max,candidate_id,numerically_accepted,config_requested,code_hash,evaluation,best_so_far,protocol_json
83ac3a1b51abebe8,infeasible,charge,,51.52424024578275,0.0,charge,charge,0.0,20.0,11.24100229999749,1829,3.0198877336280854e-12,4.511101260117373e-16,,0.5476253557300326,0.002389052283938072,8.323385495386447,q2_ramp_f7ef5411cfcbd536b219,True,83ac3a1b51abebe8,904567fd11d251fb,1,inf,"{""kind"": ""ramp"", ""params"": [0.381313817732647, 0.4030054420102996, 81.5444414802456], ""powers"": [0.0, 0.0, 0.0, 0.0, 0.0], ""heat_off"": 0.0, ""load_start"": 0.0, ""times"": null, ""currents"": null}"
83ac3a1b51abebe8,infeasible,charge,,58.670824077667824,0.0,charge,charge,0.0,20.0,2.7217683999915607,575,1.0702786023286061e-14,3.184306771847558e-16,,0.5591378095796525,1.6170947839573532e-18,7.738063670292036,q2_ramp_9bea0de303299ceb178a,True,83ac3a1b51abebe8,904567fd11d251fb,2,inf,"{""kind"": ""ramp"", ""params"": [0.3168728890500559, 0.3423995328473093, 6.962353270249461], ""powers"": [0.0, 0.0, 0.0, 0.0, 0.0], ""heat_off"": 0.0, ""load_start"": 0.0, ""times"": null, ""currents"": null}"
83ac3a1b51abebe8,infeasible,charge,,97.16953407270674,0.0,charge,charge,0.0,20.0,2.8443078999989666,648,3.681476160017196e-13,7.430049134310968e-16,,0.5949601728702739,1.0783257961702327e-18,5.924235575144337,q2_ramp_2777eef34951eb1fff55,True,83ac3a1b51abebe8,904567fd11d251fb,3,inf,"{""kind"": ""ramp"", ""params"": [0.11794211203686786, 0.2372417138118783, 51.17647918838389], ""powers"": [0.0, 0.0, 0.0, 0.0, 0.0], ""heat_off"": 0.0, ""load_start"": 0.0, ""times"": null, ""currents"": null}"
83ac3a1b51abebe8,infeasible,charge,,66.39574318355567,0.0,charge,charge,0.0,20.0,2.4169088000198826,505,4.174682222015858e-14,3.184306771847558e-16,,0.5247891025897892,3.354033747305472e-19,8.217996685698893,q2_ramp_7119fab7affe60897b7e,True,83ac3a1b51abebe8,904567fd11d251fb,4,inf,"{""kind"": ""ramp"", ""params"": [0.15150865456405727, 0.476832727086987, 72.13727724533497], ""powers"": [0.0, 0.0, 0.0, 0.0, 0.0], ""heat_off"": 0.0, ""load_start"": 0.0, ""times"": null, ""currents"": null}"
83ac3a1b51abebe8,infeasible,charge,,112.38216843867292,0.0,charge,charge,0.0,20.0,2.9540596999577247,702,2.436919340144696e-13,4.776460157771337e-16,,0.5994572287368659,5.705035530886012e-19,5.43333541188008,q2_ramp_4ddf2259352edcd051c8,True,83ac3a1b51abebe8,904567fd11d251fb,5,inf,"{""kind"": ""ramp"", ""params"": [0.05349332944057132, 0.21277103230731317, 49.117609322925354], ""powers"": [0.0, 0.0, 0.0, 0.0, 0.0], ""heat_off"": 0.0, ""load_start"": 0.0, ""times"": null, ""currents"": null}"
83ac3a1b51abebe8,infeasible,charge,,179.10098019417745,0.0,charge,charge,0.0,20.0,3.8940812000073493,973,1.5540151030896915e-15,6.368613543695116e-16,,0.6292925975704786,1.1541274990613098e-19,3.776046710224591,q2_ramp_16c6db579b68282b0108,True,83ac3a1b51abebe8,904567fd11d251fb,6,inf,"{""kind"": ""ramp"", ""params"": [0.026165754620517723, 0.14503797989705222, 100.55240996864238], ""powers"": [0.0, 0.0, 0.0, 0.0, 0.0], ""heat_off"": 0.0, ""load_start"": 0.0, ""times"": null, ""currents"": null}"
83ac3a1b51abebe8,infeasible,charge,,49.494837088802186,0.0,charge,charge,0.0,20.0,14.931053899985272,2228,5.335381808643797e-12,6.368613543695116e-16,,0.5449346976489305,0.0025243281772987557,8.612849993425243,q2_ramp_1c999439abb6da24e6be,True,83ac3a1b51abebe8,904567fd11d251fb,7,inf,"{""kind"": ""ramp"", ""params"": [0.33173285621818205, 0.4229484061608968, 20.473778508760446], ""powers"": [0.0, 0.0, 0.0, 0.0, 0.0], ""heat_off"": 0.0, ""load_start"": 0.0, ""times"": null, ""currents"": null}"
83ac3a1b51abebe8,infeasible,charge,,59.450922458383374,0.0,charge,charge,0.0,20.0,2.4665519000263885,527,3.032223868481202e-14,3.184306771847558e-16,,0.5435126654285605,2.9382405823915004e-19,7.964339591205601,q2_ramp_37bf771bb110109ba441,True,83ac3a1b51abebe8,904567fd11d251fb,8,inf,"{""kind"": ""ramp"", ""params"": [0.2850791037915401, 0.4834260672309424, 114.85738397375025], ""powers"": [0.0, 0.0, 0.0, 0.0, 0.0], ""heat_off"": 0.0, ""load_start"": 0.0, ""times"": null, ""currents"": null}"
83ac3a1b51abebe8,infeasible,charge,,53.70078456389676,0.0,charge,charge,0.0,20.0,10.284335900039878,1630,1.57742582212017e-12,4.2457423624634106e-16,,0.5473459754642763,0.0012198280011271464,8.201307503948385,q2_ramp_70ce9129540e45bb4db3,True,83ac3a1b51abebe8,904567fd11d251fb,9,inf,"{""kind"": ""ramp"", ""params"": [0.3563603597327313, 0.41870854696018106, 104.15035744405132], ""powers"": [0.0, 0.0, 0.0, 0.0, 0.0], ""heat_off"": 0.0, ""load_start"": 0.0, ""times"": null, ""currents"": null}"
83ac3a1b51abebe8,infeasible,charge,,79.88323533180618,0.0,charge,charge,0.0,20.0,2.8812888999818824,615,6.818083061183591e-14,7.430049134310968e-16,,0.5884138633393298,2.608232313754366e-18,6.305563454852006,q2_ramp_0ee795a16960920d4faf,True,83ac3a1b51abebe8,904567fd11d251fb,10,inf,"{""kind"": ""ramp"", ""params"": [0.24002358437674598, 0.25459785023411985, 46.39684613041122], ""powers"": [0.0, 0.0, 0.0, 0.0, 0.0], ""heat_off"": 0.0, ""load_start"": 0.0, ""times"": null, ""currents"": null}"
83ac3a1b51abebe8,infeasible,charge,,169.19956538277305,0.0,charge,charge,0.0,20.0,3.668384500022512,927,8.061904834196448e-15,3.184306771847558e-16,,0.6285002438655335,8.131385918418441e-20,3.6979220141088263,q2_ramp_01ca2d10bfd1ced34a1b,True,83ac3a1b51abebe8,904567fd11d251fb,11,inf,"{""kind"": ""ramp"", ""params"": [0.01904538639794508, 0.14079897897138952, 62.80103884394397], ""powers"": [0.0, 0.0, 0.0, 0.0, 0.0], ""heat_off"": 0.0, ""load_start"": 0.0, ""times"": null, ""currents"": null}"
83ac3a1b51abebe8,infeasible,charge,,74.04532135008634,0.0,charge,charge,0.0,19.999999999999996,2.7658111000200734,585,1.158273798952558e-13,2.1228711812317053e-16,,0.5683916929147653,3.6534833255151936e-19,7.2255372920084255,q2_ramp_9a3da826384d30309a99,True,83ac3a1b51abebe8,904567fd11d251fb,12,inf,"{""kind"": ""ramp"", ""params"": [0.1572803261849514, 0.3102831444394123, 38.888370468885704], ""powers"": [0.0, 0.0, 0.0, 0.0, 0.0], ""heat_off"": 0.0, ""load_start"": 0.0, ""times"": null, ""currents"": null}"
83ac3a1b51abebe8,infeasible,charge,,60.450559084564716,0.0,charge,charge,0.0,20.0,2.7227795000071637,578,1.525836464908492e-14,3.184306771847558e-16,,0.5357236587317752,6.3351930265462e-20,8.322633208626655,q2_ramp_2568be38aedf4c168510,True,83ac3a1b51abebe8,904567fd11d251fb,13,inf,"{""kind"": ""ramp"", ""params"": [0.20956485914523398, 0.42927116978947766, 54.160321523881755], ""powers"": [0.0, 0.0, 0.0, 0.0, 0.0], ""heat_off"": 0.0, ""load_start"": 0.0, ""times"": null, ""currents"": null}"
83ac3a1b51abebe8,infeasible,charge,,105.28272995783057,0.0,charge,charge,0.0,20.0,3.112077000027057,724,1.1510017572119727e-14,3.715024567155484e-16,,0.6094383317521888,9.259457682755424e-21,5.062046844747385,q2_ramp_1c8ef46bf97246b194d7,True,83ac3a1b51abebe8,904567fd11d251fb,14,inf,"{""kind"": ""ramp"", ""params"": [0.1793515069628751, 0.19829529591030143, 92.59711387900518], ""powers"": [0.0, 0.0, 0.0, 0.0, 0.0], ""heat_off"": 0.0, ""load_start"": 0.0, ""times"": null, ""currents"": null}"
83ac3a1b51abebe8,infeasible,charge,,62.54841602135285,0.0,charge,charge,0.0,20.0,7.010956699959934,1230,4.831343608789665e-13,9.552920315542674e-16,,0.5289919607474797,0.0007852968090846686,8.951420657406914,q2_ramp_537992f605d9bc2ddc22,True,83ac3a1b51abebe8,904567fd11d251fb,15,inf,"{""kind"": ""ramp"", ""params"": [0.07326352655271763, 0.496441332545564, 52.23158815382525], ""powers"": [0.0, 0.0, 0.0, 0.0, 0.0], ""heat_off"": 0.0, ""load_start"": 0.0, ""times"": null, ""currents"": null}"
83ac3a1b51abebe8,infeasible,charge,,253.76905282670185,0.0,charge,charge,0.0,20.0,4.887456499971449,1253,6.162295960744214e-14,9.552920315542674e-16,,0.6719870665672573,2.042441615098386e-20,2.0499614184151937,q2_ramp_8202bf7a707ac13cc52e,True,83ac3a1b51abebe8,904567fd11d251fb,16,inf,"{""kind"": ""ramp"", ""params"": [0.0764624343640784, 0.07889416888310462, 17.188151791723232], ""powers"": [0.0, 0.0, 0.0, 0.0, 0.0], ""heat_off"": 0.0, ""load_start"": 0.0, ""times"": null, ""currents"": null}"
83ac3a1b51abebe8,infeasible,charge,,76.39287356054012,0.0,charge,charge,0.0,20.0,2.4780297999968752,571,1.507992648054696e-14,4.2457423624634106e-16,,0.5654813112458347,4.661341693140394e-19,6.900697807776908,q2_ramp_20a5834e93c82787898a,True,83ac3a1b51abebe8,904567fd11d251fb,17,inf,"{""kind"": ""ramp"", ""params"": [0.21139124892786992, 0.3693507613352477, 119.68058737395869], ""powers"": [0.0, 0.0, 0.0, 0.0, 0.0], ""heat_off"": 0.0, ""load_start"": 0.0, ""times"": null, ""currents"": null}"
83ac3a1b51abebe8,infeasible,charge,,53.99744898052525,0.0,charge,charge,0.0,20.0,11.75272170000244,1851,3.4220886259137414e-12,3.184306771847558e-16,,0.5456913349903024,0.0017753433269496162,8.22965413271237,q2_ramp_62c600f5e1f3853f0972,True,83ac3a1b51abebe8,904567fd11d251fb,18,inf,"{""kind"": ""ramp"", ""params"": [0.13309931780162418, 0.38102950524606227, 4.635347357431335], ""powers"": [0.0, 0.0, 0.0, 0.0, 0.0], ""heat_off"": 0.0, ""load_start"": 0.0, ""times"": null, ""currents"": null}"
83ac3a1b51abebe8,infeasible,charge,,57.743918256782194,0.0,charge,charge,0.0,20.0,2.6125676999799907,550,7.359096549607521e-14,2.1684797417659801e-16,,0.552605570118643,1.0148034971376687e-19,8.046246395816581,q2_ramp_1c3f5090d806a315cf29,True,83ac3a1b51abebe8,904567fd11d251fb,19,inf,"{""kind"": ""ramp"", ""params"": [0.2572793837776296, 0.36804022633711025, 22.60879776434205], ""powers"": [0.0, 0.0, 0.0, 0.0, 0.0], ""heat_off"": 0.0, ""load_start"": 0.0, ""times"": null, ""currents"": null}"
83ac3a1b51abebe8,infeasible,charge,,80.88708677425686,0.0,charge,charge,0.0,20.0,2.555521000002045,592,6.844770648867656e-14,4.2457423624634106e-16,,0.5756519626829233,2.266117016347268e-19,6.947958243154574,q2_ramp_d16af96fec13397d52fd,True,83ac3a1b51abebe8,904567fd11d251fb,20,inf,"{""kind"": ""ramp"", ""params"": [0.08788815118576507, 0.29023344333156903, 34.35847386107851], ""powers"": [0.0, 0.0, 0.0, 0.0, 0.0], ""heat_off"": 0.0, ""load_start"": 0.0, ""times"": null, ""currents"": null}"
83ac3a1b51abebe8,infeasible,charge,,61.71592772279401,0.0,charge,charge,0.0,20.000000000000004,2.4825284999678843,540,2.8324240954916264e-14,2.1228711812317053e-16,,0.5561472838322763,1.5465353057985388e-18,7.621242660087944,q2_ramp_4c99c894515e5f729e23,True,83ac3a1b51abebe8,904567fd11d251fb,21,inf,"{""kind"": ""ramp"", ""params"": [0.3020671495235524, 0.3794415391361853, 108.53638111555156], ""powers"": [0.0, 0.0, 0.0, 0.0, 0.0], ""heat_off"": 0.0, ""load_start"": 0.0, ""times"": null, ""currents"": null}"
83ac3a1b51abebe8,infeasible,charge,,56.51034714624145,0.0,charge,charge,0.0,20.0,2.451457000046503,539,7.628987143802902e-15,3.184306771847558e-16,,0.5445106548058904,2.014382017159348e-19,8.09092154116172,q2_ramp_2102b8a6174ca4b722e0,True,83ac3a1b51abebe8,904567fd11d251fb,22,inf,"{""kind"": ""ramp"", ""params"": [0.31728332146024607, 0.4346294889406329, 90.50667222583725], ""powers"": [0.0, 0.0, 0.0, 0.0, 0.0], ""heat_off"": 0.0, ""load_start"": 0.0, ""times"": null, ""currents"": null}"
83ac3a1b51abebe8,infeasible,charge,,56.94371335921168,0.0,charge,charge,0.0,20.0,2.728196599986404,556,2.7102321341041307e-14,7.430049134310968e-16,,0.5376034323121744,3.1894346213407502e-19,8.476533179562978,q2_ramp_1c2bdc1649fd076593af,True,83ac3a1b51abebe8,904567fd11d251fb,23,inf,"{""kind"": ""ramp"", ""params"": [0.2354452881057539, 0.4339287968628553, 47.45499569568186], ""powers"": [0.0, 0.0, 0.0, 0.0, 0.0], ""heat_off"": 0.0, ""load_start"": 0.0, ""times"": null, ""currents"": null}"
83ac3a1b51abebe8,infeasible,charge,,87.31334197039938,0.0,charge,charge,0.0,20.0,2.4102817000239156,576,5.477829677284179e-14,4.2457423624634106e-16,,0.5391562632570261,6.411728441165893e-20,7.4261551200225995,q2_ramp_2828622d1dd4732d23ec,True,83ac3a1b51abebe8,904567fd11d251fb,24,inf,"{""kind"": ""ramp"", ""params"": [0.07260974726795762, 0.39349169260555883, 89.54048478421177], ""powers"": [0.0, 0.0, 0.0, 0.0, 0.0], ""heat_off"": 0.0, ""load_start"": 0.0, ""times"": null, ""currents"": null}"
83ac3a1b51abebe8,unresolved,horizon,,300.0,0.0,horizon,unresolved,0.0,12.71057489965054,5.693578300008085,1454,1.8653808531640176e-14,6.899331339003042e-16,,0.6847659478625217,2.239336644508941e-20,1.1292610259658318,q2_ramp_dde061be1682f9f90abb,True,83ac3a1b51abebe8,904567fd11d251fb,25,inf,"{""kind"": ""ramp"", ""params"": [0.0018665561794871826, 0.04423834011693831, 26.47644650784293], ""powers"": [0.0, 0.0, 0.0, 0.0, 0.0], ""heat_off"": 0.0, ""load_start"": 0.0, ""times"": null, ""currents"": null}"
83ac3a1b51abebe8,infeasible,charge,,77.96548776875227,0.0,charge,charge,0.0,20.0,2.623789500037674,579,5.713739196143951e-14,5.307177953079263e-16,,0.5765789211474669,6.029059980432864e-19,6.598350291339045,q2_ramp_34d4d778419a3286e570,True,83ac3a1b51abebe8,904567fd11d251fb,26,inf,"{""kind"": ""ramp"", ""params"": [0.22962429787358823, 0.2942884927213575, 93.71145868067785], ""powers"": [0.0, 0.0, 0.0, 0.0, 0.0], ""heat_off"": 0.0, ""load_start"": 0.0, ""times"": null, ""currents"": null}"
83ac3a1b51abebe8,infeasible,charge,,50.73966239376209,0.0,charge,charge,0.0,20.0,11.756995700008702,1880,9.66239671989045e-12,5.307177953079263e-16,,0.5397542969008741,0.002384461516825327,8.50919574205659,q2_ramp_7eabb4e188a97948af1a,True,83ac3a1b51abebe8,904567fd11d251fb,27,inf,"{""kind"": ""ramp"", ""params"": [0.3601969337404244, 0.49611974807836656, 101.50642697976795], ""powers"": [0.0, 0.0, 0.0, 0.0, 0.0], ""heat_off"": 0.0, ""load_start"": 0.0, ""times"": null, ""currents"": null}"
83ac3a1b51abebe8,infeasible,charge,,81.51162009234596,0.0,charge,charge,0.0,20.0,2.834262199990917,623,1.4465861982686375e-14,3.051627323020576e-16,,0.587442542639862,5.285221545629774e-19,6.364226668176286,q2_ramp_946c1e26a24cae11b5f2,True,83ac3a1b51abebe8,904567fd11d251fb,28,inf,"{""kind"": ""ramp"", ""params"": [0.17779239403039995, 0.2570321786390667, 24.005852651737353], ""powers"": [0.0, 0.0, 0.0, 0.0, 0.0], ""heat_off"": 0.0, ""load_start"": 0.0, ""times"": null, ""currents"": null}"
83ac3a1b51abebe8,infeasible,charge,,44.42610471606279,0.0,charge,charge,0.0,20.0,29.44767939997837,4135,3.632994727676927e-13,7.430049134310968e-16,,0.5307212552463286,0.003503964825359539,8.908860856959393,q2_ramp_0e19626a2594f89d60c1,True,83ac3a1b51abebe8,904567fd11d251fb,29,inf,"{""kind"": ""ramp"", ""params"": [0.42576711865855305, 0.45387984926245145, 11.67578743650197], ""powers"": [0.0, 0.0, 0.0, 0.0, 0.0], ""heat_off"": 0.0, ""load_start"": 0.0, ""times"": null, ""currents"": null}"
83ac3a1b51abebe8,infeasible,charge,,43.11293033677316,0.0,charge,charge,0.0,20.0,35.62681970000267,4895,3.3765604672427707e-13,7.695408031964931e-16,,0.5212394267257802,0.003650308310679763,9.021915634761854,q2_ramp_07ac9a38f0313e5a16cd,True,83ac3a1b51abebe8,904567fd11d251fb,30,inf,"{""kind"": ""ramp"", ""params"": [0.4574027001072894, 0.48918597844544165, 105.48275107234319], ""powers"": [0.0, 0.0, 0.0, 0.0, 0.0], ""heat_off"": 0.0, ""load_start"": 0.0, ""times"": null, ""currents"": null}"
83ac3a1b51abebe8,infeasible,charge,,74.55483588193574,0.0,charge,charge,0.0,20.000000000000004,2.7133651999756694,579,3.105972023840841e-14,4.2457423624634106e-16,,0.5787495744995438,2.588532232278492e-19,6.811210977259179,q2_ramp_d5f6603b2da7d2afce7c,True,83ac3a1b51abebe8,904567fd11d251fb,31,inf,"{""kind"": ""ramp"", ""params"": [0.15452658147894385, 0.281336552994615, 15.37734808153622], ""powers"": [0.0, 0.0, 0.0, 0.0, 0.0], ""heat_off"": 0.0, ""load_start"": 0.0, ""times"": null, ""currents"": null}"
83ac3a1b51abebe8,infeasible,charge,,56.729331686383595,0.0,charge,charge,0.0,20.0,2.430079600017052,538,2.2854746543562233e-14,5.307177953079263e-16,,0.548253165930757,7.219202926717489e-20,8.011523082947804,q2_ramp_37929651b66c5d64d9f6,True,83ac3a1b51abebe8,904567fd11d251fb,32,inf,"{""kind"": ""ramp"", ""params"": [0.3273832150055109, 0.4137904715797932, 97.38175676460112], ""powers"": [0.0, 0.0, 0.0, 0.0, 0.0], ""heat_off"": 0.0, ""load_start"": 0.0, ""times"": null, ""currents"": null}"
83ac3a1b51abebe8,infeasible,charge,,157.47941757707918,0.0,charge,charge,0.0,20.0,3.432845900009852,872,7.383815067584727e-14,4.2457423624634106e-16,,0.6417021335180405,6.98668280825276e-19,3.413198308650351,q2_ramp_af80824d7bad831e6770,True,83ac3a1b51abebe8,904567fd11d251fb,33,inf,"{""kind"": ""ramp"", ""params"": [0.12095448799080817, 0.13028246870963306, 110.80796765671406], ""powers"": [0.0, 0.0, 0.0, 0.0, 0.0], ""heat_off"": 0.0, ""load_start"": 0.0, ""times"": null, ""currents"": null}"
83ac3a1b51abebe8,infeasible,charge,,78.74053517128073,0.0,charge,charge,0.0,20.0,2.740269600006286,615,1.4744148294617214e-14,3.184306771847558e-16,,0.583562994239887,4.0262882338175467e-19,6.542511656753675,q2_ramp_9c3766646538c3e3168c,True,83ac3a1b51abebe8,904567fd11d251fb,34,inf,"{""kind"": ""ramp"", ""params"": [0.2025826645341, 0.2673300105818079, 32.424745248469854], ""powers"": [0.0, 0.0, 0.0, 0.0, 0.0], ""heat_off"": 0.0, ""load_start"": 0.0, ""times"": null, ""currents"": null}"
83ac3a1b51abebe8,infeasible,charge,,70.77315464427862,0.0,charge,charge,0.0,20.0,5.125762400042731,978,1.0967596803566112e-14,2.1228711812317053e-16,,0.5299379554599616,8.972214933675576e-05,8.702523700612176,q2_ramp_68c61d67adbe87adeb6b,True,83ac3a1b51abebe8,904567fd11d251fb,35,inf,"{""kind"": ""ramp"", ""params"": [0.03534938073324877, 0.4705818311105661, 61.137732259244565], ""powers"": [0.0, 0.0, 0.0, 0.0, 0.0], ""heat_off"": 0.0, ""load_start"": 0.0, ""times"": null, ""currents"": null}"
83ac3a1b51abebe8,infeasible,charge,,71.40840296990704,0.0,charge,charge,0.0,20.0,2.5528039999771863,576,1.4775406813235622e-13,2.1228711812317053e-16,,0.5428293716454891,4.628899275673328e-20,8.097699966188713,q2_ramp_2fc563a5d7531497994d,True,83ac3a1b51abebe8,904567fd11d251fb,36,inf,"{""kind"": ""ramp"", ""params"": [0.10495491541390731, 0.3975583954292094, 57.340467067855215], ""powers"": [0.0, 0.0, 0.0, 0.0, 0.0], ""heat_off"": 0.0, ""load_start"": 0.0, ""times"": null, ""currents"": null}"
83ac3a1b51abebe8,infeasible,charge,,94.72244033825002,0.0,charge,charge,0.0,20.000000000000004,2.765235600003507,666,2.1431499844127407e-13,3.184306771847558e-16,,0.5631876029342642,1.0587107327170502e-20,7.166740221096063,q2_ramp_ccba6028bd1dd3a4c461,True,83ac3a1b51abebe8,904567fd11d251fb,37,inf,"{""kind"": ""ramp"", ""params"": [0.041715673293600194, 0.32384428894556955, 75.6769838030093], ""powers"": [0.0, 0.0, 0.0, 0.0, 0.0], ""heat_off"": 0.0, ""load_start"": 0.0, ""times"": null, ""currents"": null}"
83ac3a1b51abebe8,infeasible,charge,,92.43549175289596,0.0,charge,charge,0.0,19.999999999999996,2.382334499969147,599,6.14348691231514e-14,3.715024567155484e-16,,0.5604371868816533,7.506595129800067e-20,6.69881145077062,q2_ramp_4031275925c6daa42a11,True,83ac3a1b51abebe8,904567fd11d251fb,38,inf,"{""kind"": ""ramp"", ""params"": [0.11037108852088875, 0.3459934086680291, 102.73907075993527], ""powers"": [0.0, 0.0, 0.0, 0.0, 0.0], ""heat_off"": 0.0, ""load_start"": 0.0, ""times"": null, ""currents"": null}"
83ac3a1b51abebe8,infeasible,charge,,188.32131441133834,0.0,charge,charge,0.0,20.0,3.9024754999554716,1001,4.182696229378484e-15,3.715024567155484e-16,,0.6511997675743719,3.1120412889288796e-19,2.8789206240421095,q2_ramp_73f624319eb430b409d7,True,83ac3a1b51abebe8,904567fd11d251fb,39,inf,"{""kind"": ""ramp"", ""params"": [0.006442334613906137, 0.10979649590345186, 13.10098050915691], ""powers"": [0.0, 0.0, 0.0, 0.0, 0.0], ""heat_off"": 0.0, ""load_start"": 0.0, ""times"": null, ""currents"": null}"
83ac3a1b51abebe8,infeasible,charge,,72.35482322907232,0.0,charge,charge,0.0,20.0,2.5560679000336677,586,1.3168978498600008e-14,3.184306771847558e-16,,0.5524155680942437,1.1566558643476394e-18,7.4278516121201505,q2_ramp_bc27dace5df689c49c08,True,83ac3a1b51abebe8,904567fd11d251fb,40,inf,"{""kind"": ""ramp"", ""params"": [0.1903646302532078, 0.35194020801188414, 67.6410583047953], ""powers"": [0.0, 0.0, 0.0, 0.0, 0.0], ""heat_off"": 0.0, ""load_start"": 0.0, ""times"": null, ""currents"": null}"
83ac3a1b51abebe8,infeasible,charge,,52.86315460341557,0.0,charge,charge,0.0,20.0,10.982652399979997,1744,8.288704889158534e-13,3.715024567155484e-16,,0.5499586308360795,0.0019234098001436085,8.230127967494354,q2_ramp_2ea19958394b33d46c60,True,83ac3a1b51abebe8,904567fd11d251fb,41,inf,"{""kind"": ""ramp"", ""params"": [0.367835561908631, 0.3838182917230791, 36.270451984843845], ""powers"": [0.0, 0.0, 0.0, 0.0, 0.0], ""heat_off"": 0.0, ""load_start"": 0.0, ""times"": null, ""currents"": null}"
83ac3a1b51abebe8,infeasible,charge,,235.16345959009132,0.0,charge,charge,0.0,20.0,4.567135600023903,1177,1.9473831765781327e-14,4.2457423624634106e-16,,0.6673085244523753,5.670308507242025e-20,2.2346534638650155,q2_ramp_3b77dd619f43dcb82e1e,True,83ac3a1b51abebe8,904567fd11d251fb,42,inf,"{""kind"": ""ramp"", ""params"": [0.08154625500104203, 0.08585825600832789, 88.46218587057336], ""powers"": [0.0, 0.0, 0.0, 0.0, 0.0], ""heat_off"": 0.0, ""load_start"": 0.0, ""times"": null, ""currents"": null}"
83ac3a1b51abebe8,infeasible,charge,,45.18442854869614,0.0,charge,charge,0.0,19.999999999999996,30.83591179997893,4240,5.037505949848075e-13,1.3798662678006084e-15,,0.5232215466294127,0.003469567611670196,8.859900794085831,q2_ramp_653230b561a9513f990c,True,83ac3a1b51abebe8,904567fd11d251fb,43,inf,"{""kind"": ""ramp"", ""params"": [0.16278815677249012, 0.44689048581084584, 1.355083753549006], ""powers"": [0.0, 0.0, 0.0, 0.0, 0.0], ""heat_off"": 0.0, ""load_start"": 0.0, ""times"": null, ""currents"": null}"
83ac3a1b51abebe8,infeasible,charge,,47.18238121866614,0.0,charge,charge,0.0,20.0,20.628215399978217,2860,7.269280997527026e-13,7.430049134310968e-16,,0.5150290127138998,0.003110681593594457,9.087514544644478,q2_ramp_e7b7d901189c2b762801,True,83ac3a1b51abebe8,904567fd11d251fb,44,inf,"{""kind"": ""ramp"", ""params"": [0.030548020527077308, 0.4700009997564109, 9.902421873708429], ""powers"": [0.0, 0.0, 0.0, 0.0, 0.0], ""heat_off"": 0.0, ""load_start"": 0.0, ""times"": null, ""currents"": null}"
83ac3a1b51abebe8,infeasible,charge,,216.04467884439322,0.0,charge,charge,0.0,20.0,4.272910799947567,1106,5.986931027483439e-14,3.715024567155484e-16,,0.6569401691387693,4.889727530824645e-20,2.5746074783580752,q2_ramp_35c8ee67f176d9f78ada,True,83ac3a1b51abebe8,904567fd11d251fb,45,inf,"{""kind"": ""ramp"", ""params"": [0.06174188162580909, 0.09860263958818534, 70.67546491412965], ""powers"": [0.0, 0.0, 0.0, 0.0, 0.0], ""heat_off"": 0.0, ""load_start"": 0.0, ""times"": null, ""currents"": null}"
83ac3a1b51abebe8,infeasible,charge,,99.66798738312364,0.0,charge,charge,0.0,20.0,2.988040300027933,690,1.4219147982250148e-13,4.2457423624634106e-16,,0.5724451043147418,8.951338366810158e-20,6.760265269912395,q2_ramp_36f3608a34b3b15928ba,True,83ac3a1b51abebe8,904567fd11d251fb,46,inf,"{""kind"": ""ramp"", ""params"": [0.053066252152077886, 0.2967260359547412, 78.5856956643724], ""powers"": [0.0, 0.0, 0.0, 0.0, 0.0], ""heat_off"": 0.0, ""load_start"": 0.0, ""times"": null, ""currents"": null}"
83ac3a1b51abebe8,infeasible,charge,,66.47148284402377,0.0,charge,charge,0.0,20.0,2.6576935999910347,576,2.46403967309621e-14,2.1228711812317053e-16,,0.5396494643135333,9.353000877801182e-20,8.088442076689148,q2_ramp_0431471e6def751cf423,True,83ac3a1b51abebe8,904567fd11d251fb,47,inf,"{""kind"": ""ramp"", ""params"": [0.1660981550165279, 0.4063906335896469, 58.3737624271251], ""powers"": [0.0, 0.0, 0.0, 0.0, 0.0], ""heat_off"": 0.0, ""load_start"": 0.0, ""times"": null, ""currents"": null}"
83ac3a1b51abebe8,infeasible,charge,,109.68219603359195,0.0,charge,charge,0.0,20.0,3.0667373000178486,727,1.5711413086209687e-14,4.2457423624634106e-16,,0.6154167655676762,1.03511668860011e-19,4.797178705305896,q2_ramp_2b5116bd8a37384eaca5,True,83ac3a1b51abebe8,904567fd11d251fb,48,inf,"{""kind"": ""ramp"", ""params"": [0.1749482381609634, 0.1840828540701176, 41.73392476211127], ""powers"": [0.0, 0.0, 0.0, 0.0, 0.0], ""heat_off"": 0.0, ""load_start"": 0.0, ""times"": null, ""currents"": null}"
83ac3a1b51abebe8,infeasible,charge,,80.61477004970394,0.0,charge,charge,0.0,19.999999999999996,2.623663700011093,593,3.637551774893806e-14,6.368613543695116e-16,,0.5909085785778836,1.3782760286608946e-19,6.195792181439515,q2_ramp_57861ef99a9afef06835,True,83ac3a1b51abebe8,904567fd11d251fb,49,inf,"{""kind"": ""ramp"", ""params"": [0.24781516751562727, 0.24847194201080752, 95.11429243956223], ""powers"": [0.0, 0.0, 0.0, 0.0, 0.0], ""heat_off"": 0.0, ""load_start"": 0.0, ""times"": null, ""currents"": null}"
83ac3a1b51abebe8,infeasible,charge,,109.40858653980685,0.0,charge,charge,0.0,19.999999999999996,2.783655599982012,674,2.8845451699700193e-15,9.552920315542674e-16,,0.5525976273606968,5.305240698834592e-19,6.833001193550956,q2_ramp_27f4373d578508aeaca2,True,83ac3a1b51abebe8,904567fd11d251fb,50,inf,"{""kind"": ""ramp"", ""params"": [0.022169375399011475, 0.3698611690641439, 118.40901717547935], ""powers"": [0.0, 0.0, 0.0, 0.0, 0.0], ""heat_off"": 0.0, ""load_start"": 0.0, ""times"": null, ""currents"": null}"
83ac3a1b51abebe8,infeasible,charge,,74.69991360881923,0.0,charge,charge,0.0,20.0,2.68344639998395,601,2.7756545145320242e-14,2.786268425366613e-16,,0.5522395320756763,1.0588179679906975e-19,7.2686800950768315,q2_ramp_0312253a7b2325a15698,True,83ac3a1b51abebe8,904567fd11d251fb,51,inf,"{""kind"": ""ramp"", ""params"": [0.18601593641771094, 0.3480964084487799, 74.0714974906225], ""powers"": [0.0, 0.0, 0.0, 0.0, 0.0], ""heat_off"": 0.0, ""load_start"": 0.0, ""times"": null, ""currents"": null}"
83ac3a1b51abebe8,infeasible,charge,,82.86563219976291,0.0,charge,charge,0.0,20.0,2.6934067999827676,611,2.0239260856458732e-14,4.2457423624634106e-16,,0.5788159710012216,1.1234976115063488e-18,6.738641488603491,q2_ramp_2f6bf97d963a0efa615c,True,83ac3a1b51abebe8,904567fd11d251fb,52,inf,"{""kind"": ""ramp"", ""params"": [0.13209460246691404, 0.28041193590503544, 43.643076235327115], ""powers"": [0.0, 0.0, 0.0, 0.0, 0.0], ""heat_off"": 0.0, ""load_start"": 0.0, ""times"": null, ""currents"": null}"
83ac3a1b51abebe8,infeasible,charge,,54.41691626345632,0.0,charge,charge,0.0,20.0,2.4185343999997713,510,2.791658914334654e-14,6.368613543695116e-16,,0.5344542338127357,8.610113770312473e-19,8.40638289646995,q2_ramp_84cb0c0fd81d9c9d5ff7,True,83ac3a1b51abebe8,904567fd11d251fb,53,inf,"{""kind"": ""ramp"", ""params"": [0.30001554183523266, 0.4484832037960798, 59.83030169156241], ""powers"": [0.0, 0.0, 0.0, 0.0, 0.0], ""heat_off"": 0.0, ""load_start"": 0.0, ""times"": null, ""currents"": null}"
83ac3a1b51abebe8,infeasible,charge,,86.0117770632348,0.0,charge,charge,0.0,20.0,2.6452126000076532,628,3.241930122902969e-14,4.2457423624634106e-16,,0.5792595758196932,3.904809891803704e-20,6.718951208603414,q2_ramp_0db9a79ab8a40f82d8f8,True,83ac3a1b51abebe8,904567fd11d251fb,54,inf,"{""kind"": ""ramp"", ""params"": [0.09996580462700044, 0.27905227047778064, 44.69105644933233], ""powers"": [0.0, 0.0, 0.0, 0.0, 0.0], ""heat_off"": 0.0, ""load_start"": 0.0, ""times"": null, ""currents"": null}"
83ac3a1b51abebe8,infeasible,charge,,79.06773553732907,0.0,charge,charge,0.0,20.0,2.432795199973043,554,2.89194266142709e-14,3.184306771847558e-16,,0.5420231114054108,7.14727125505274e-20,7.43633760861718,q2_ramp_314458528a40e91744a9,True,83ac3a1b51abebe8,904567fd11d251fb,55,inf,"{""kind"": ""ramp"", ""params"": [0.12891587669059879, 0.4659431862850664, 107.42400819153377], ""powers"": [0.0, 0.0, 0.0, 0.0, 0.0], ""heat_off"": 0.0, ""load_start"": 0.0, ""times"": null, ""currents"": null}"
83ac3a1b51abebe8,infeasible,charge,,46.506558558073856,0.0,charge,charge,0.0,19.999999999999996,21.42672649997985,3027,8.224946363060949e-13,9.552920315542674e-16,,0.5330666233134875,0.0033622446272799744,8.724165419787425,q2_ramp_26009369c222904e2517,True,83ac3a1b51abebe8,904567fd11d251fb,56,inf,"{""kind"": ""ramp"", ""params"": [0.4243000214639642, 0.44354274442543423, 77.86157015137951], ""powers"": [0.0, 0.0, 0.0, 0.0, 0.0], ""heat_off"": 0.0, ""load_start"": 0.0, ""times"": null, ""currents"": null}"
83ac3a1b51abebe8,infeasible,charge,,53.508868380091336,0.0,charge,charge,0.0,20.0,7.597825899953023,1278,2.8483181716259762e-12,7.430049134310968e-16,,0.537545408406795,0.0018209468133155622,9.02901313736777,q2_ramp_5e654685d86d19cc77ba,True,83ac3a1b51abebe8,904567fd11d251fb,57,inf,"{""kind"": ""ramp"", ""params"": [0.12112531118374677, 0.476339161297376, 30.901890102918358], ""powers"": [0.0, 0.0, 0.0, 0.0, 0.0], ""heat_off"": 0.0, ""load_start"": 0.0, ""times"": null, ""currents"": null}"
83ac3a1b51abebe8,infeasible,charge,,83.30316534036541,0.0,charge,charge,0.0,19.999999999999996,3.0315988999791443,651,7.451298292518631e-15,2.1228711812317053e-16,,0.5573225058234447,6.226720352535914e-20,7.632774849203258,q2_ramp_27f906ac9d3ad877f929,True,83ac3a1b51abebe8,904567fd11d251fb,58,inf,"{""kind"": ""ramp"", ""params"": [0.03513577836007679, 0.3435113276703941, 55.87719872398464], ""powers"": [0.0, 0.0, 0.0, 0.0, 0.0], ""heat_off"": 0.0, ""load_start"": 0.0, ""times"": null, ""currents"": null}"
83ac3a1b51abebe8,infeasible,charge,,83.87467447858907,0.0,charge,charge,0.0,20.0,2.863498199963942,605,2.4333286254303822e-14,6.368613543695116e-16,,0.5880790102644962,4.518953488928714e-20,6.334271649800428,q2_ramp_ed551948f68cbf15c472,True,83ac3a1b51abebe8,904567fd11d251fb,59,inf,"{""kind"": ""ramp"", ""params"": [0.14317541110704418, 0.25533702424397153, 25.254804227283405], ""powers"": [0.0, 0.0, 0.0, 0.0, 0.0], ""heat_off"": 0.0, ""load_start"": 0.0, ""times"": null, ""currents"": null}"
83ac3a1b51abebe8,infeasible,charge,,84.48474737122345,0.0,charge,charge,0.0,20.000000000000004,2.7590479999780655,626,2.9203764915349594e-15,6.368613543695116e-16,,0.5411132679576441,1.2307346768806435e-19,8.046970138741074,q2_ramp_bcaae8549966f9318347,True,83ac3a1b51abebe8,904567fd11d251fb,60,inf,"{""kind"": ""ramp"", ""params"": [0.018295070039661382, 0.40143934588354524, 72.63844248327241], ""powers"": [0.0, 0.0, 0.0, 0.0, 0.0], ""heat_off"": 0.0, ""load_start"": 0.0, ""times"": null, ""currents"": null}"
83ac3a1b51abebe8,infeasible,charge,,128.48315149260623,0.0,charge,charge,0.0,20.0,3.0746412000153214,758,3.5020464218955574e-14,7.430049134310968e-16,,0.6151732327801653,1.150051428062291e-19,4.436810221718758,q2_ramp_0ec8b6eff000f0229def,True,83ac3a1b51abebe8,904567fd11d251fb,61,inf,"{""kind"": ""ramp"", ""params"": [0.04818694518569285, 0.16927421685782384, 28.886353192785805], ""powers"": [0.0, 0.0, 0.0, 0.0, 0.0], ""heat_off"": 0.0, ""load_start"": 0.0, ""times"": null, ""currents"": null}"
83ac3a1b51abebe8,infeasible,charge,,79.9207109017796,0.0,charge,charge,0.0,20.0,2.615002500009723,592,1.2635898576580306e-14,3.715024567155484e-16,,0.5748002392656144,1.2892142230997366e-18,6.580270959223753,q2_ramp_5f0c6f442b343fc891bf,True,83ac3a1b51abebe8,904567fd11d251fb,62,inf,"{""kind"": ""ramp"", ""params"": [0.21323126458548974, 0.2912386666398132, 84.21059925178395], ""powers"": [0.0, 0.0, 0.0, 0.0, 0.0], ""heat_off"": 0.0, ""load_start"": 0.0, ""times"": null, ""currents"": null}"
83ac3a1b51abebe8,infeasible,charge,,129.99099704246586,0.0,charge,charge,0.0,20.0,3.315426799992565,785,4.06659502012892e-14,3.184306771847558e-16,,0.5994522435122832,7.116512399051331e-20,5.247239334793278,q2_ramp_39daf60280a3f30f8968,True,83ac3a1b51abebe8,904567fd11d251fb,63,inf,"{""kind"": ""ramp"", ""params"": [0.06521088807537433, 0.22042779317355893, 111.50368711484549], ""powers"": [0.0, 0.0, 0.0, 0.0, 0.0], ""heat_off"": 0.0, ""load_start"": 0.0, ""times"": null, ""currents"": null}"
83ac3a1b51abebe8,infeasible,charge,,46.62967022970829,0.0,charge,charge,0.0,19.999999999999996,21.36021970002912,2943,2.03715381853492e-12,1.1675791496774378e-15,,0.5289481162701158,0.003076098070094063,9.006650236082578,q2_ramp_879a1545431b5f0838c7,True,83ac3a1b51abebe8,904567fd11d251fb,64,inf,"{""kind"": ""ramp"", ""params"": [0.1443370080093404, 0.46373364057248245, 10.16765156379125], ""powers"": [0.0, 0.0, 0.0, 0.0, 0.0], ""heat_off"": 0.0, ""load_start"": 0.0, ""times"": null, ""currents"": null}"
83ac3a1b51abebe8,infeasible,charge,,74.93930442619272,0.0,charge,charge,0.0,20.0,2.671459599980153,611,2.579392808339668e-14,8.491484724926821e-16,,0.5619037169507367,2.025020198988235e-19,7.184193670339937,q2_ramp_dc2f6d398060cbb2714d,True,83ac3a1b51abebe8,904567fd11d251fb,65,inf,"{""kind"": ""ramp"", ""params"": [0.19196225344372825, 0.32555274519107724, 65.8234911953473], ""powers"": [0.0, 0.0, 0.0, 0.0, 0.0], ""heat_off"": 0.0, ""load_start"": 0.0, ""times"": null, ""currents"": null}"
83ac3a1b51abebe8,infeasible,charge,,79.60587724633669,0.0,charge,charge,0.0,20.0,2.643445599998813,590,6.806053347732675e-14,2.1228711812317053e-16,,0.5838805223154411,7.561284535927291e-20,6.3796972980449596,q2_ramp_3019ade17d5a2190b6b2,True,83ac3a1b51abebe8,904567fd11d251fb,66,inf,"{""kind"": ""ramp"", ""params"": [0.23763817784244873, 0.2712257840195455, 98.30362653240448], ""powers"": [0.0, 0.0, 0.0, 0.0, 0.0], ""heat_off"": 0.0, ""load_start"": 0.0, ""times"": null, ""currents"": null}"
83ac3a1b51abebe8,infeasible,charge,,82.06056581948339,0.0,charge,charge,0.0,20.0,2.344635199988261,560,2.7827319235184162e-14,3.5823451183285026e-16,,0.5397183391621267,6.819207501710027e-19,7.4635569778602076,q2_ramp_7311b7408a88f2c9cafa,True,83ac3a1b51abebe8,904567fd11d251fb,67,inf,"{""kind"": ""ramp"", ""params"": [0.10340693613878171, 0.39905653442203676, 86.45222891518382], ""powers"": [0.0, 0.0, 0.0, 0.0, 0.0], ""heat_off"": 0.0, ""load_start"": 0.0, ""times"": null, ""currents"": null}"
83ac3a1b51abebe8,infeasible,charge,,152.99759235508617,0.0,charge,charge,0.0,20.000000000000004,3.5233720999676734,869,1.62358495431595e-14,4.2457423624634106e-16,,0.6067418054902269,2.2441677987612745e-19,4.916447586597087,q2_ramp_955f0537227257e63862,True,83ac3a1b51abebe8,904567fd11d251fb,68,inf,"{""kind"": ""ramp"", ""params"": [0.01791681874598066, 0.1968106031993645, 113.04527399150513], ""powers"": [0.0, 0.0, 0.0, 0.0, 0.0], ""heat_off"": 0.0, ""load_start"": 0.0, ""times"": null, ""currents"": null}"
83ac3a1b51abebe8,infeasible,charge,,90.81697029464605,0.0,charge,charge,0.0,20.0,2.8700901999836788,638,8.000837290782834e-15,4.2457423624634106e-16,,0.5364373210929134,5.65757115028728e-20,7.9663968765578375,q2_ramp_3157c3198ba8b429814f,True,83ac3a1b51abebe8,904567fd11d251fb,69,inf,"{""kind"": ""ramp"", ""params"": [0.00041363029361879205, 0.41179447844725126, 84.58306697907297], ""powers"": [0.0, 0.0, 0.0, 0.0, 0.0], ""heat_off"": 0.0, ""load_start"": 0.0, ""times"": null, ""currents"": null}"
83ac3a1b51abebe8,infeasible,charge,,52.006271332420795,0.0,charge,charge,0.0,20.0,11.015692199987825,1749,9.732501055857747e-12,5.572536850733226e-16,,0.5489322186625274,0.002094916316749316,8.321366712856502,q2_ramp_41cdcdf3166df6ff93ad,True,83ac3a1b51abebe8,904567fd11d251fb,70,inf,"{""kind"": ""ramp"", ""params"": [0.35025913474899323, 0.3915055949311282, 17.492303265949207], ""powers"": [0.0, 0.0, 0.0, 0.0, 0.0], ""heat_off"": 0.0, ""load_start"": 0.0, ""times"": null, ""currents"": null}"
83ac3a1b51abebe8,infeasible,charge,,61.76539274992508,0.0,charge,charge,0.0,20.0,2.300614100007806,529,4.526111297318264e-14,6.368613543695116e-16,,0.5432969396346181,6.202380978641389e-19,7.8685727492292585,q2_ramp_851736fd03f374e898da,True,83ac3a1b51abebe8,904567fd11d251fb,71,inf,"{""kind"": ""ramp"", ""params"": [0.2629344083273252, 0.4928701497850284, 116.65613619250198], ""powers"": [0.0, 0.0, 0.0, 0.0, 0.0], ""heat_off"": 0.0, ""load_start"": 0.0, ""times"": null, ""currents"": null}"
83ac3a1b51abebe8,infeasible,charge,,46.4036240513632,0.0,charge,charge,0.0,20.0,20.253840300021693,3081,1.701841493303875e-12,1.3798662678006084e-15,,0.5424623703110226,0.0029497887044096574,8.920989565996877,q2_ramp_ff5a7bf4c88b597991c8,True,83ac3a1b51abebe8,904567fd11d251fb,72,inf,"{""kind"": ""ramp"", ""params"": [0.3235958701620967, 0.4602876479571002, 19.884710997617145], ""powers"": [0.0, 0.0, 0.0, 0.0, 0.0], ""heat_off"": 0.0, ""load_start"": 0.0, ""times"": null, ""currents"": null}"
83ac3a1b51abebe8,infeasible,charge,,84.85871027268124,0.0,charge,charge,0.0,19.999999999999996,2.863673000014387,639,4.499628173005996e-15,4.2457423624634106e-16,,0.5288615385306906,4.433976167251502e-21,8.17645768773042,q2_ramp_1a9ea26450d5088f173e,True,83ac3a1b51abebe8,904567fd11d251fb,73,inf,"{""kind"": ""ramp"", ""params"": [0.01067900823789798, 0.44147299116172267, 81.072760263202], ""powers"": [0.0, 0.0, 0.0, 0.0, 0.0], ""heat_off"": 0.0, ""load_start"": 0.0, ""times"": null, ""currents"": null}"
83ac3a1b51abebe8,infeasible,charge,,74.28616023087365,0.0,charge,charge,0.0,20.0,2.837306900008116,605,2.3719167027725464e-14,4.2457423624634106e-16,,0.5825320133175118,6.214036838011641e-19,6.614094772887029,q2_ramp_604cbe9b8829556a4571,True,83ac3a1b51abebe8,904567fd11d251fb,74,inf,"{""kind"": ""ramp"", ""params"": [0.22052418244038247, 0.27051658834066106, 3.8261261830225637], ""powers"": [0.0, 0.0, 0.0, 0.0, 0.0], ""heat_off"": 0.0, ""load_start"": 0.0, ""times"": null, ""currents"": null}"
83ac3a1b51abebe8,infeasible,charge,,110.55283727419112,0.0,charge,charge,0.0,20.0,2.8912532000103965,696,8.020101521157573e-14,5.307177953079263e-16,,0.6005604861728626,7.42047087813977e-20,5.238013361019853,q2_ramp_70398ac1390e69fe39c1,True,83ac3a1b51abebe8,904567fd11d251fb,75,inf,"{""kind"": ""ramp"", ""params"": [0.042595127951809184, 0.20272766809041257, 30.1265301766611], ""powers"": [0.0, 0.0, 0.0, 0.0, 0.0], ""heat_off"": 0.0, ""load_start"": 0.0, ""times"": null, ""currents"": null}"
83ac3a1b51abebe8,infeasible,charge,,139.16909012138467,0.0,charge,charge,0.0,20.0,3.234504099993501,806,3.172139970494019e-14,6.368613543695116e-16,,0.623075638592128,3.636808948762543e-19,4.147519580924552,q2_ramp_fd0213f0ba1ae0f23e6f,True,83ac3a1b51abebe8,904567fd11d251fb,76,inf,"{""kind"": ""ramp"", ""params"": [0.09354938874991528, 0.15886232613009196, 64.57297640180943], ""powers"": [0.0, 0.0, 0.0, 0.0, 0.0], ""heat_off"": 0.0, ""load_start"": 0.0, ""times"": null, ""currents"": null}"
83ac3a1b51abebe8,infeasible,charge,,177.6868070420389,0.0,charge,charge,0.0,20.0,3.779480399971362,975,5.192479691924944e-14,3.980383464809447e-16,,0.6493061731635972,1.6968583622106434e-20,2.9810602247263773,q2_ramp_a44bb8f9fe0037757697,True,83ac3a1b51abebe8,904567fd11d251fb,77,inf,"{""kind"": ""ramp"", ""params"": [0.05906317069425212, 0.11360238265959197, 6.807749524098811], ""powers"": [0.0, 0.0, 0.0, 0.0, 0.0], ""heat_off"": 0.0, ""load_start"": 0.0, ""times"": null, ""currents"": null}"
83ac3a1b51abebe8,infeasible,charge,,52.61569555570512,0.0,charge,charge,0.0,20.0,7.408641199988779,1273,6.836571960359013e-13,4.2457423624634106e-16,,0.5383506684817121,0.0011478667493564306,8.428832417403953,q2_ramp_dcec7f2c02d485c6bf33,True,83ac3a1b51abebe8,904567fd11d251fb,78,inf,"{""kind"": ""ramp"", ""params"": [0.33467640136303983, 0.45263279026009434, 68.2948661831784], ""powers"": [0.0, 0.0, 0.0, 0.0, 0.0], ""heat_off"": 0.0, ""load_start"": 0.0, ""times"": null, ""currents"": null}"
83ac3a1b51abebe8,infeasible,charge,,79.72519237698212,0.0,charge,charge,0.0,20.0,2.587740999995731,593,4.373689792895926e-14,5.837895748387189e-16,,0.5693203603963022,3.95317556450083e-20,7.223881757932475,q2_ramp_28e5afef4c2e7931de3f,True,83ac3a1b51abebe8,904567fd11d251fb,79,inf,"{""kind"": ""ramp"", ""params"": [0.06356086297862343, 0.3075393800748455, 37.0412632533772], ""powers"": [0.0, 0.0, 0.0, 0.0, 0.0], ""heat_off"": 0.0, ""load_start"": 0.0, ""times"": null, ""currents"": null}"
83ac3a1b51abebe8,infeasible,charge,,51.816530351640104,0.0,charge,charge,0.0,20.0,8.333522000000812,1437,2.2737239540044122e-13,7.430049134310968e-16,,0.5342643044801078,0.0015704770314714561,8.937473346756747,q2_ramp_d61d1082648e857a28a6,True,83ac3a1b51abebe8,904567fd11d251fb,80,inf,"{""kind"": ""ramp"", ""params"": [0.22783783146623468, 0.4873974403769168, 40.49359369029439], ""powers"": [0.0, 0.0, 0.0, 0.0, 0.0], ""heat_off"": 0.0, ""load_start"": 0.0, ""times"": null, ""currents"": null}"
