strategy,T0_C,mode,case_hash,feasibility,stop_reason,success_time,last_valid_time,th_startup,startup_result,shutdown_status,E_aux_total_J,charge_C_cm2,wall_s,nfev,mass_residual,energy_residual,exception,V_min,ice_max,delta_T_max,E_aux_to_success_J,candidate_id,numerically_accepted,config_requested,code_hash,status,candidate
constant,0.0,unoptimized_reference,1042bd66825fd6c9,feasible,success,0.0002580290659391797,0.0002580290659391797,0.0,success,passed,0.0,5.160581318783595e-05,0.5032344000064768,114.0,8.73527435366282e-17,1.1277199414802642e-16,,0.6506571542939475,9.145870953211226e-29,5.684341886080802e-14,0.0,q2_reopt_895c24d82b614b39a39f,True,1042bd66825fd6c9,904567fd11d251fb,,
constant,0.0,reoptimized,,,,0.00015087068445058217,,,,,,,,,,,,,,,,,,,,feasible,q2_reopt_a59594552500ba61dba6
constant,-2.0,unoptimized_reference,411464f72e45ef2c,feasible,success,22.99908674022357,22.99908674022357,0.0,success,passed,0.0,4.599817348044715,1.691074199974537,401.0,2.871165848267539e-15,3.316986220674539e-16,,0.6161123324966238,5.7611942830161775e-21,2.1401738826169208,0.0,q2_reopt_ec32d3fe256e1436920b,True,411464f72e45ef2c,904567fd11d251fb,,
constant,-2.0,reoptimized,,,,10.551872236593326,,,,,,,,,,,,,,,,,,,,feasible,q2_reopt_5ea882b182dba0e72310
constant,-4.0,unoptimized_reference,2529f47ddd5b2231,feasible,success,52.76093791112872,52.76093791112872,0.0,success,passed,0.0,10.552187582225724,1.9062341999961063,494.0,2.3017789498561553e-14,2.6535889765396315e-16,,0.611000148225765,2.6469130581554073e-19,4.0072768187014844,0.0,q2_reopt_176b09c6f36653a24cd1,True,2529f47ddd5b2231,904567fd11d251fb,,
constant,-4.0,reoptimized,,,,43.953658170158704,,,,,,,,,,,,,,,,,,,,feasible,q2_reopt_a631eb5af9d19447eb62
constant,-6.0,unoptimized_reference,fb0900ea9f4ece31,feasible,success,85.2827686450917,85.2827686450917,0.0,success,passed,0.0,17.05655372901832,2.4783754000090994,605.0,2.1443678453409627e-14,6.191707611925808e-16,,0.6095875356784752,1.3048545970498255e-19,4.940793892059844,0.0,q2_reopt_efe74fffa6640fc593fc,True,fb0900ea9f4ece31,904567fd11d251fb,,
constant,-6.0,reoptimized,,,,54.5326794844748,,,,,,,,,,,,,,,,,,,,feasible,q2_reopt_7f7a30d9c5c0c5cecd10
constant,-8.0,unoptimized_reference,caf34cd6d2956248,infeasible,charge,,99.99999999999991,0.0,charge,charge,0.0,20.0,2.8605668999953195,680.0,9.742973204907708e-15,3.980383464809447e-16,,0.6090561366603269,1.0058798798117239e-18,5.169627488683091,,q2_reopt_edfbfbab95bf786c00d2,True,caf34cd6d2956248,904567fd11d251fb,,
constant,-8.0,reoptimized,,,,,,,,,,,,,,,,,,,,,,,,not_found,
constant,-10.0,unoptimized_reference,8bc04c86776b2102,infeasible,charge,,99.9999999999999,0.0,charge,charge,0.0,20.0,2.8451955000055023,679.0,1.6518283586409102e-14,6.368613543695116e-16,,0.6090087458442323,2.035182942851458e-18,5.173431243871164,,q2_reopt_6342ed236d46c0c70cec,True,8bc04c86776b2102,904567fd11d251fb,,
constant,-10.0,reoptimized,,,,,,,,,,,,,,,,,,,,,,,,not_found,
constant,-12.0,unoptimized_reference,8029c95096da2410,infeasible,charge,,99.99999999999991,0.0,charge,charge,0.0,20.0,2.7906312000122853,669.0,1.0062131222792146e-13,2.21132414711636e-16,,0.610087687397472,4.817935399321216e-19,5.166321723735052,,q2_reopt_2b6efd4628ebcc8bbfb3,True,8029c95096da2410,904567fd11d251fb,,
constant,-12.0,reoptimized,,,,,,,,,,,,,,,,,,,,,,,,not_found,
constant,-14.0,unoptimized_reference,9db50ffaca521686,infeasible,charge,,99.99999999999993,0.0,charge,charge,0.0,20.000000000000004,2.9474603999988176,671.0,4.463988475151544e-14,3.790841395056617e-16,,0.6079142981433707,1.843886280166426e-20,5.137722644022176,,q2_reopt_84972636c472769b35da,True,9db50ffaca521686,904567fd11d251fb,,
constant,-14.0,reoptimized,,,,,,,,,,,,,,,,,,,,,,,,not_found,
constant,-16.0,unoptimized_reference,e2ac10ad425f8bf8,infeasible,charge,,99.99999999999993,0.0,charge,charge,0.0,20.000000000000004,2.99198539997451,680.0,4.168717382509271e-14,3.316986220674539e-16,,0.6023440486971806,2.270088360242338e-20,5.082380334824961,,q2_reopt_e8ba90540d8ad91be500,True,e2ac10ad425f8bf8,904567fd11d251fb,,
constant,-16.0,reoptimized,,,,,,,,,,,,,,,,,,,,,,,,not_found,
constant,-18.0,unoptimized_reference,f52c2ff69858666f,infeasible,charge,,99.99999999999572,0.0,charge,charge,0.0,20.000000000000004,17.772498000005726,2601.0,3.292365763227902e-12,8.25561014923441e-16,,0.5965564465021078,0.01349678200095294,4.9936192285970264,,q2_reopt_8a4a44fe617ffceabfa6,True,f52c2ff69858666f,904567fd11d251fb,,
constant,-18.0,reoptimized,,,,,,,,,,,,,,,,,,,,,,,,not_found,
constant,-20.0,unoptimized_reference,d83ff0ea2775aa36,infeasible,charge,,100.00000000000004,0.0,charge,charge,0.0,20.0,36.96616269997321,4900.0,1.3951999398460158e-12,6.368613543695116e-16,,0.5905559629483667,0.026213984138546427,4.870255830188341,,q2_reopt_05de29034bd7c36648a7,True,d83ff0ea2775aa36,904567fd11d251fb,,
constant,-20.0,reoptimized,,,,,,,,,,,,,,,,,,,,,,,,not_found,
constant,-22.0,unoptimized_reference,4d1414f0f83d6d57,infeasible,charge,,99.9999999999999,0.0,charge,charge,0.0,20.0,27.860987499996554,3857.0,1.2599092138386942e-13,5.548413314582866e-16,,0.5843534339748949,0.03408777665666492,4.777041318754584,,q2_reopt_954f7e15848d7f9d2e51,True,4d1414f0f83d6d57,904567fd11d251fb,,
constant,-22.0,reoptimized,,,,,,,,,,,,,,,,,,,,,,,,not_found,
constant,-24.0,unoptimized_reference,0d34c8bd43021fb6,infeasible,charge,,100.00000000000001,0.0,charge,charge,0.0,20.000000000000004,36.61470229999395,3210.0,9.084927725360514e-13,3.31698622067454e-16,,0.5776738722990209,0.04354991755190202,4.720782990596945,,q2_reopt_8a472f9378059f0a2cc0,True,0d34c8bd43021fb6,904567fd11d251fb,,
constant,-24.0,reoptimized,,,,,,,,,,,,,,,,,,,,,,,,not_found,
constant,-26.0,unoptimized_reference,8f86371a3cb1bd52,infeasible,charge,,99.99999999999989,0.0,charge,charge,0.0,20.0,19.638619699981064,2124.0,6.096898602352333e-13,2.8577112055042183e-16,,0.5694203677003895,0.055188978321884415,4.717737598174665,,q2_reopt_ed830f8d7c3c519454f8,True,8f86371a3cb1bd52,904567fd11d251fb,,
constant,-26.0,reoptimized,,,,,,,,,,,,,,,,,,,,,,,,not_found,
constant,-28.0,unoptimized_reference,6607fd51b369c871,infeasible,charge,,99.99999999999994,0.0,charge,charge,0.0,20.0,20.538737800030503,2166.0,1.0239779959906359e-12,5.307177953079263e-16,,0.5585918025101948,0.06759718816968555,4.6616461954365604,,q2_reopt_2b82f08215f6cefd4a3e,True,6607fd51b369c871,904567fd11d251fb,,
constant,-28.0,reoptimized,,,,,,,,,,,,,,,,,,,,,,,,not_found,
constant,-30.0,unoptimized_reference,3f5f3a94f9875055,infeasible,charge,,99.9999999999999,0.0,charge,charge,0.0,20.0,17.77887690003263,1955.0,9.064583211775992e-12,1.7690593176930878e-16,,0.5458691494774398,0.0786027419011641,4.570614173955761,,q2_reopt_80625e54b9a0d6c2f859,True,3f5f3a94f9875055,904567fd11d251fb,,
constant,-30.0,reoptimized,,,,,,,,,,,,,,,,,,,,,,,,not_found,
constant,-32.0,unoptimized_reference,063e547f381606ac,infeasible,charge,,99.99999999999996,0.0,charge,charge,0.0,20.0,18.134434400009923,1924.0,2.3546019593058372e-12,2.3218903544721773e-16,,0.5314557086550125,0.08806257611285827,4.529871154091154,,q2_reopt_799bd7ebad1cced32769,True,063e547f381606ac,904567fd11d251fb,,
constant,-32.0,reoptimized,,,,,,,,,,,,,,,,,,,,,,,,not_found,
constant,-34.0,unoptimized_reference,5216ebcafac43dfe,infeasible,charge,,99.99999999999991,0.0,charge,charge,0.0,20.000000000000004,14.04951019998407,1419.0,6.100744366773812e-11,5.073037749266943e-16,,0.5150155210266895,0.09667882302061569,4.633578448146949,,q2_reopt_52a3de4302821ce8f789,True,5216ebcafac43dfe,904567fd11d251fb,,
constant,-34.0,reoptimized,,,,,,,,,,,,,,,,,,,,,,,,not_found,
constant,-36.0,unoptimized_reference,f1159b421da75b03,infeasible,charge,,99.99999999999993,0.0,charge,charge,0.0,20.0,14.135914299986325,1377.0,3.8096442279725494e-11,6.523406233993261e-16,,0.4960297165746628,0.10473533899444552,4.725308958834603,,q2_reopt_81d240c4909567c52467,True,f1159b421da75b03,904567fd11d251fb,,
constant,-36.0,reoptimized,,,,,,,,,,,,,,,,,,,,,,,,not_found,
constant,-38.0,unoptimized_reference,73aa6a30497cc637,infeasible,charge,,99.9999999999999,0.0,charge,charge,0.0,20.0,9.861679400026333,1136.0,5.939280598448546e-11,3.6312270205279167e-16,,0.47377151490242925,0.11231432898321989,4.8165222213530114,,q2_reopt_546793d728955df80420,True,73aa6a30497cc637,904567fd11d251fb,,
constant,-38.0,reoptimized,,,,,,,,,,,,,,,,,,,,,,,,not_found,
constant,-40.0,unoptimized_reference,895d47c4b707e28f,infeasible,charge,,99.99999999999994,0.0,charge,charge,0.0,20.000000000000004,9.53968020004686,1069.0,9.524832694040227e-11,2.3882300788856685e-16,,0.44720972393890457,0.11945897952018601,4.913963055262627,,q2_reopt_34d00a243c6a5bd132a0,True,895d47c4b707e28f,904567fd11d251fb,,
constant,-40.0,reoptimized,,,,,,,,,,,,,,,,,,,,,,,,not_found,
ramp,0.0,unoptimized_reference,1042bd66825fd6c9,feasible,success,8.074288637462233,8.074288637462233,0.0,success,passed,0.0,0.3136054257516987,2.5781158999889158,424.0,8.563395319725038e-16,7.526970287222432e-16,,0.7257829088209665,2.405490619480972e-22,0.02978845372098249,0.0,q2_reopt_f425564a697e25affa21,True,1042bd66825fd6c9,904567fd11d251fb,,
ramp,0.0,reoptimized,,,,3.8763848698213454,,,,,,,,,,,,,,,,,,,,feasible,q2_reopt_70250fe608fcf2996843
ramp,-2.0,unoptimized_reference,411464f72e45ef2c,feasible,success,40.7885733084896,40.7885733084896,0.0,success,passed,0.0,4.697756128767862,2.753228700021282,426.0,2.2951452878495636e-14,1.3267944882698158e-16,,0.5993935122526144,1.2472973602780965e-20,2.050164705146983,0.0,q2_reopt_2c23646365bb7d74ca72,True,411464f72e45ef2c,904567fd11d251fb,,
ramp,-2.0,reoptimized,,,,29.40751036223123,,,,,,,,,,,,,,,,,,,,feasible,q2_reopt_8ff6e6f84bc324335557
ramp,-4.0,unoptimized_reference,2529f47ddd5b2231,feasible,success,59.314182906105344,59.314182906105344,0.0,success,passed,0.0,9.395352343699585,3.0893456999910995,477.0,1.2618747945721415e-14,2.6535889765396315e-16,,0.5648873090530193,8.706442440709398e-20,4.05957864864547,0.0,q2_reopt_55b49ab8a3255951ddcb,True,2529f47ddd5b2231,904567fd11d251fb,,
ramp,-4.0,reoptimized,,,,51.60372391927723,,,,,,,,,,,,,,,,,,,,feasible,q2_reopt_93e1eca74d426252310b
ramp,-6.0,unoptimized_reference,fb0900ea9f4ece31,feasible,success,77.8065919370358,77.8065919370358,0.0,success,passed,0.0,14.941977583634289,4.335262500040699,600.0,6.282863990952511e-15,3.925100361131539e-16,,0.5663078314228687,3.3905813272429175e-20,5.960128655721803,0.0,q2_reopt_2c601cf1f8a6af773f30,True,fb0900ea9f4ece31,904567fd11d251fb,,
ramp,-6.0,reoptimized,,,,58.82199775737989,,,,,,,,,,,,,,,,,,,,feasible,q2_reopt_8ebedcfbbca702e427ae
ramp,-8.0,unoptimized_reference,caf34cd6d2956248,infeasible,charge,,94.66666666666674,0.0,charge,charge,0.0,19.999999999999996,5.056656000029761,687.0,4.437208884574013e-15,2.6535889765396315e-16,,0.5694580233682267,1.4210901806824787e-20,7.056381083645363,,q2_reopt_fa8c3c9512d17b8f69dd,True,caf34cd6d2956248,904567fd11d251fb,,
ramp,-8.0,reoptimized,,,,74.39841382324006,,,,,,,,,,,,,,,,,,,,feasible,q2_reopt_8510f80f454fe9e37ced
ramp,-10.0,unoptimized_reference,8bc04c86776b2102,infeasible,charge,,94.66666666666676,0.0,charge,charge,0.0,19.999999999999996,4.689032599970233,651.0,1.9211952638419185e-15,4.776460157771337e-16,,0.5719519392122056,2.444829018208358e-19,7.0250263438812794,,q2_reopt_7c47435c6ab16f0984d9,True,8bc04c86776b2102,904567fd11d251fb,,
ramp,-10.0,reoptimized,,,,,,,,,,,,,,,,,,,,,,,,not_found,
ramp,-12.0,unoptimized_reference,8029c95096da2410,infeasible,charge,,94.66666666666676,0.0,charge,charge,0.0,20.0,5.003835599985905,666.0,1.7264266700480167e-15,5.307177953079264e-16,,0.5750830213514817,1.0238718171797413e-19,6.946433232818208,,q2_reopt_38e06ab4549ecfd6cb9a,True,8029c95096da2410,904567fd11d251fb,,
ramp,-12.0,reoptimized,,,,,,,,,,,,,,,,,,,,,,,,not_found,
ramp,-14.0,unoptimized_reference,9db50ffaca521686,infeasible,charge,,94.66666666668331,0.0,charge,charge,0.0,19.999999999999996,13.50768760003848,1389.0,4.590128806014506e-13,4.1699255345622784e-16,,0.5844582576130223,0.0015264423476848727,6.843292505570901,,q2_reopt_ba7db606fde106c00d62,True,9db50ffaca521686,904567fd11d251fb,,
ramp,-14.0,reoptimized,,,,,,,,,,,,,,,,,,,,,,,,not_found,
ramp,-16.0,unoptimized_reference,e2ac10ad425f8bf8,infeasible,charge,,94.66658202094763,0.0,charge,charge,0.0,20.0,25.00286969996523,2518.0,3.423145843932961e-12,3.980383464809447e-16,,0.5855422125021966,0.008348307300219338,6.706444151089556,,q2_reopt_ecdda882bc20aad69820,True,e2ac10ad425f8bf8,904567fd11d251fb,,
ramp,-16.0,reoptimized,,,,,,,,,,,,,,,,,,,,,,,,not_found,
ramp,-18.0,unoptimized_reference,f52c2ff69858666f,infeasible,charge,,94.66663191365893,0.0,charge,charge,0.0,20.0,41.433158200001344,3952.0,1.2371020583077501e-12,7.665923710003381e-16,,0.5752482821025408,0.013708154780987357,6.659058646106928,,q2_reopt_8f4de8ef691c731dce39,True,f52c2ff69858666f,904567fd11d251fb,,
ramp,-18.0,reoptimized,,,,,,,,,,,,,,,,,,,,,,,,not_found,
ramp,-20.0,unoptimized_reference,d83ff0ea2775aa36,infeasible,charge,,94.66655832857758,0.0,charge,charge,0.0,20.0,59.602264899993315,5100.0,1.5139060483887847e-12,1.2206509292082304e-15,,0.5628532628362916,0.01904821692066834,6.622038351896094,,q2_reopt_39383d055ca23d851e3b,True,d83ff0ea2775aa36,904567fd11d251fb,,
ramp,-20.0,reoptimized,,,,,,,,,,,,,,,,,,,,,,,,not_found,
ramp,-22.0,unoptimized_reference,4d1414f0f83d6d57,infeasible,charge,,94.66657123168665,0.0,charge,charge,0.0,20.0,42.269924200023524,3805.0,1.0794468003421535e-12,3.393314596775289e-16,,0.5488215354909187,0.02599745706971012,6.552297458599924,,q2_reopt_47759599ab8ee14e3d36,True,4d1414f0f83d6d57,904567fd11d251fb,,
ramp,-22.0,reoptimized,,,,,,,,,,,,,,,,,,,,,,,,not_found,
ramp,-24.0,unoptimized_reference,0d34c8bd43021fb6,infeasible,charge,,94.66654549555547,0.0,charge,charge,0.0,20.0,27.528175299987197,2810.0,1.236953000174744e-12,8.403031759042168e-16,,0.5334485256507281,0.03539044828003024,6.514601128032666,,q2_reopt_83fe7a90a40384bd5bbe,True,0d34c8bd43021fb6,904567fd11d251fb,,
ramp,-24.0,reoptimized,,,,,,,,,,,,,,,,,,,,,,,,not_found,
ramp,-26.0,unoptimized_reference,8f86371a3cb1bd52,infeasible,charge,,94.66663897575451,0.0,charge,charge,0.0,20.0,27.857416599988937,3009.0,4.84607403399475e-13,6.123666868937611e-16,,0.5164758831890404,0.045353603832999446,6.497927849007851,,q2_reopt_392dd5e67ebd059f796d,True,8f86371a3cb1bd52,904567fd11d251fb,,
ramp,-26.0,reoptimized,,,,,,,,,,,,,,,,,,,,,,,,not_found,
ramp,-28.0,unoptimized_reference,6607fd51b369c871,infeasible,charge,,94.66664280406671,0.0,charge,charge,0.0,20.0,25.174696900008712,2859.0,1.3233468781706673e-12,4.928093813573602e-16,,0.4973538941553622,0.05461802741740983,6.400393544068123,,q2_reopt_30902a9937662fc37d54,True,6607fd51b369c871,904567fd11d251fb,,
ramp,-28.0,reoptimized,,,,,,,,,,,,,,,,,,,,,,,,not_found,
ramp,-30.0,unoptimized_reference,3f5f3a94f9875055,infeasible,charge,,94.66666223155288,0.0,charge,charge,0.0,20.0,19.06173720001243,2302.0,7.288272762840991e-13,2.1228711812317053e-16,,0.4753567170967085,0.06324883752495859,6.376262867980671,,q2_reopt_49d75cacab40b03dfa36,True,3f5f3a94f9875055,904567fd11d251fb,,
ramp,-30.0,reoptimized,,,,,,,,,,,,,,,,,,,,,,,,not_found,
ramp,-32.0,unoptimized_reference,063e547f381606ac,infeasible,charge,,94.66665938795227,0.0,charge,charge,0.0,19.999999999999996,16.825191899959464,2095.0,1.2307412399665477e-12,2.6535889765396315e-16,,0.4496272941084163,0.07140581514061976,6.488204543358194,,q2_reopt_a0f102640316b9617367,True,063e547f381606ac,904567fd11d251fb,,
ramp,-32.0,reoptimized,,,,,,,,,,,,,,,,,,,,,,,,not_found,
ramp,-34.0,unoptimized_reference,5216ebcafac43dfe,infeasible,charge,,94.66666113638001,0.0,charge,charge,0.0,20.0,18.89106970001012,1990.0,2.7845115215206787e-12,2.302378670821151e-16,,0.41900648544429275,0.07920138578147363,6.605338380452963,,q2_reopt_f1da31fa7c593066012f,True,5216ebcafac43dfe,904567fd11d251fb,,
ramp,-34.0,reoptimized,,,,,,,,,,,,,,,,,,,,,,,,not_found,
ramp,-36.0,unoptimized_reference,f1159b421da75b03,infeasible,charge,,94.66663354157417,0.0,charge,charge,0.0,20.0,22.485996299947146,2207.0,3.066138172854839e-12,1.149888556500507e-15,,0.3818463974330591,0.08710246330475568,6.706077900554504,,q2_reopt_2a733ea36c296e6cbd75,True,f1159b421da75b03,904567fd11d251fb,,
ramp,-36.0,reoptimized,,,,,,,,,,,,,,,,,,,,,,,,not_found,
ramp,-38.0,unoptimized_reference,73aa6a30497cc637,infeasible,charge,,94.66665374160588,0.0,charge,charge,0.0,20.0,21.012396299978718,2068.0,1.662985100044789e-11,9.217730129032405e-16,,0.3356822674753699,0.09522502770584784,6.8676599452103915,,q2_reopt_ec7102fa58c0471a6f54,True,73aa6a30497cc637,904567fd11d251fb,,
ramp,-38.0,reoptimized,,,,,,,,,,,,,,,,,,,,,,,,not_found,
ramp,-40.0,unoptimized_reference,895d47c4b707e28f,infeasible,voltage,,58.216879002523626,0.0,voltage,voltage,0.0,9.072510212819067,17.369615499977954,1738.0,8.059877341091095e-12,5.970575197214171e-16,,0.29999999899999985,0.05038600771936388,4.956963239937352,,q2_reopt_fae6a5778f02ca3e0bc5,True,895d47c4b707e28f,904567fd11d251fb,,
ramp,-40.0,reoptimized,,,,,,,,,,,,,,,,,,,,,,,,not_found,
step,0.0,unoptimized_reference,1042bd66825fd6c9,feasible,success,20.419818766189742,20.419818766189742,0.0,success,passed,0.0,0.44198187661897453,4.39657929999521,709.0,1.3706199490131727e-15,5.884459923420734e-16,,0.6274517892490903,2.440551378642456e-22,0.09972782547686165,0.0,q2_reopt_8801cf321c515e12d75d,True,1042bd66825fd6c9,904567fd11d251fb,,
step,0.0,reoptimized,,,,12.281535633749018,,,,,,,,,,,,,,,,,,,,feasible,q2_reopt_ace28609acda5eb01faa
step,-2.0,unoptimized_reference,411464f72e45ef2c,feasible,success,44.36011829738798,44.36011829738798,0.0,success,passed,0.0,3.7080354892163867,6.595215199980885,979.0,6.573670438986847e-14,5.970575197214171e-16,,0.48951685088495617,1.6573757776804915e-20,1.7102255816363936,0.0,q2_reopt_0329181b160b46f4bac1,True,411464f72e45ef2c,904567fd11d251fb,,
step,-2.0,reoptimized,,,,36.63225843056476,,,,,,,,,,,,,,,,,,,,feasible,q2_reopt_2754601bf6c04644fd21
step,-4.0,unoptimized_reference,2529f47ddd5b2231,feasible,success,61.15505111139122,61.15505111139122,0.0,success,passed,0.0,8.746515333417369,7.054782899969723,962.0,6.024277173299003e-14,2.6535889765396315e-16,,0.5012231782549905,1.0845811058895245e-19,4.295810233828831,0.0,q2_reopt_9f8bddf66899a0400627,True,2529f47ddd5b2231,904567fd11d251fb,,
step,-4.0,reoptimized,,,,47.554668058282275,,,,,,,,,,,,,,,,,,,,feasible,q2_reopt_3041c17aa514efc378ab
step,-6.0,unoptimized_reference,fb0900ea9f4ece31,feasible,success,80.46171230560842,80.46171230560842,0.0,success,passed,0.0,14.538513691682548,6.9126305999816395,998.0,4.4924130016004474e-14,5.307177953079264e-16,,0.5092399099153109,2.324342001639641e-20,6.16162631666424,0.0,q2_reopt_53e887c151a5ebb78885,True,fb0900ea9f4ece31,904567fd11d251fb,,
step,-6.0,reoptimized,,,,57.5947745575932,,,,,,,,,,,,,,,,,,,,feasible,q2_reopt_cfcc79b0d820ef0e095a
step,-8.0,unoptimized_reference,caf34cd6d2956248,infeasible,charge,,98.66666666666671,0.0,charge,charge,0.0,19.999999999999996,7.477090800006408,1064.0,2.5247326515725376e-14,4.312082086876901e-16,,0.5145966968342599,2.1052783601075405e-19,7.220590813331,,q2_reopt_a682a953fd48ea20f3aa,True,caf34cd6d2956248,904567fd11d251fb,,
step,-8.0,reoptimized,,,,97.8355574236068,,,,,,,,,,,,,,,,,,,,feasible,q2_reopt_822a3898c5bba31753ba
step,-10.0,unoptimized_reference,8bc04c86776b2102,infeasible,charge,,98.66666666666671,0.0,charge,charge,0.0,20.0,7.282138100010343,1055.0,3.2786992964319844e-14,4.2457423624634106e-16,,0.5177662440690808,5.726438973293262e-20,7.170830401362821,,q2_reopt_5733616c0c47c663f54a,True,8bc04c86776b2102,904567fd11d251fb,,
step,-10.0,reoptimized,,,,,,,,,,,,,,,,,,,,,,,,not_found,
step,-12.0,unoptimized_reference,8029c95096da2410,infeasible,charge,,98.6666666666667,0.0,charge,charge,0.0,20.0,7.646927700028755,1066.0,6.388106391047101e-14,2.653588976539632e-16,,0.5192849073166473,5.856214081033262e-19,7.083281070410351,,q2_reopt_668b88fb51772eea1e32,True,8029c95096da2410,904567fd11d251fb,,
step,-12.0,reoptimized,,,,,,,,,,,,,,,,,,,,,,,,not_found,
step,-14.0,unoptimized_reference,9db50ffaca521686,infeasible,charge,,98.6666666666702,0.0,charge,charge,0.0,20.0,20.348709299985785,2202.0,2.7020611569753913e-12,3.032673116045293e-16,,0.5202359260497403,0.004256103317287716,6.964106563072903,,q2_reopt_156ab5076b59259cddd9,True,9db50ffaca521686,904567fd11d251fb,,
step,-14.0,reoptimized,,,,,,,,,,,,,,,,,,,,,,,,not_found,
step,-16.0,unoptimized_reference,e2ac10ad425f8bf8,infeasible,charge,,98.66666666666617,0.0,charge,charge,0.0,20.0,27.797810000018217,3006.0,2.816048721672553e-12,2.6535889765396315e-16,,0.5219872810804481,0.01065343162601395,6.823861336393179,,q2_reopt_53adff6fa79d955c8015,True,e2ac10ad425f8bf8,904567fd11d251fb,,
step,-16.0,reoptimized,,,,,,,,,,,,,,,,,,,,,,,,not_found,
step,-18.0,unoptimized_reference,f52c2ff69858666f,infeasible,charge,,98.66666666666681,0.0,charge,charge,0.0,20.0,40.87506869999925,4486.0,2.2220950833965564e-13,4.717491513848234e-16,,0.5249458796313873,0.015256901056731833,6.799751517421157,,q2_reopt_05172a5142f0a4bc87cf,True,f52c2ff69858666f,904567fd11d251fb,,
step,-18.0,reoptimized,,,,,,,,,,,,,,,,,,,,,,,,not_found,
step,-20.0,unoptimized_reference,d83ff0ea2775aa36,infeasible,charge,,98.66666666666646,0.0,charge,charge,0.0,20.0,47.65822049998678,4846.0,4.685061006425476e-13,6.899331339003042e-16,,0.5280261989051379,0.020107693103508656,6.751230775442309,,q2_reopt_a192c9baa41f7786ec19,True,d83ff0ea2775aa36,904567fd11d251fb,,
step,-20.0,reoptimized,,,,,,,,,,,,,,,,,,,,,,,,not_found,
step,-22.0,unoptimized_reference,4d1414f0f83d6d57,infeasible,charge,,98.66666666666526,0.0,charge,charge,0.0,20.0,33.73096379998606,3593.0,6.507050529649689e-14,5.789648676086469e-16,,0.5283737824066321,0.027198124363647286,6.692433969987519,,q2_reopt_7baef74ae56342b36317,True,4d1414f0f83d6d57,904567fd11d251fb,,
step,-22.0,reoptimized,,,,,,,,,,,,,,,,,,,,,,,,not_found,
step,-24.0,unoptimized_reference,0d34c8bd43021fb6,infeasible,charge,,98.66666666666667,0.0,charge,charge,0.0,20.0,24.57460989995161,2447.0,2.206025363069499e-12,5.970575197214173e-16,,0.5202629395721176,0.03558192837364937,6.6278290424828015,,q2_reopt_ad5174d1e3cc05304a5b,True,0d34c8bd43021fb6,904567fd11d251fb,,
step,-24.0,reoptimized,,,,,,,,,,,,,,,,,,,,,,,,not_found,
step,-26.0,unoptimized_reference,8f86371a3cb1bd52,infeasible,charge,,98.6666666666667,0.0,charge,charge,0.0,19.999999999999996,25.119412200001534,2206.0,8.143064338468731e-12,3.6742001213625664e-16,,0.5053294170537024,0.04356489830591382,6.597486535604219,,q2_reopt_e6834ced39ebcf4a17a2,True,8f86371a3cb1bd52,904567fd11d251fb,,
step,-26.0,reoptimized,,,,,,,,,,,,,,,,,,,,,,,,not_found,
step,-28.0,unoptimized_reference,6607fd51b369c871,infeasible,charge,,98.66666666666671,0.0,charge,charge,0.0,20.0,27.47271310002543,2783.0,6.300003344414476e-12,2.6535889765396315e-16,,0.48583401415777266,0.0506463079581755,6.507421558844328,,q2_reopt_04cbf1d0668cced6bd73,True,6607fd51b369c871,904567fd11d251fb,,
step,-28.0,reoptimized,,,,,,,,,,,,,,,,,,,,,,,,not_found,
step,-30.0,unoptimized_reference,3f5f3a94f9875055,infeasible,charge,,98.66666666666676,0.0,charge,charge,0.0,20.0,30.59382100001676,2900.0,1.7223003992899516e-11,1.9017387665200693e-16,,0.4610452197027943,0.05754087008869973,6.519801654452465,,q2_reopt_816a88bbb5be494fb28a,True,3f5f3a94f9875055,904567fd11d251fb,,
step,-30.0,reoptimized,,,,,,,,,,,,,,,,,,,,,,,,not_found,
step,-32.0,unoptimized_reference,063e547f381606ac,infeasible,charge,,98.6666666666688,0.0,charge,charge,0.0,20.0,24.55250829999568,2320.0,9.379361584977444e-11,2.9852875986070853e-16,,0.43178561343749894,0.06506162081414639,6.637959624034039,,q2_reopt_15ad756ad9720f04fbd4,True,063e547f381606ac,904567fd11d251fb,,
step,-32.0,reoptimized,,,,,,,,,,,,,,,,,,,,,,,,not_found,
step,-34.0,unoptimized_reference,5216ebcafac43dfe,infeasible,charge,,98.6666666666648,0.0,charge,charge,0.0,19.999999999999996,23.28851909999503,2423.0,8.83324849476139e-12,5.853505095308011e-16,,0.39647437558028786,0.07266656380531245,6.772331958801658,,q2_reopt_7c68192258c7d46a7599,True,5216ebcafac43dfe,904567fd11d251fb,,
step,-34.0,reoptimized,,,,,,,,,,,,,,,,,,,,,,,,not_found,
step,-36.0,unoptimized_reference,f1159b421da75b03,infeasible,charge,,98.66666666666693,0.0,charge,charge,0.0,19.999999999999996,21.023423100006767,2274.0,4.142337580799882e-11,6.191707611925807e-16,,0.35279550205443977,0.08104077856183474,6.8451159932030805,,q2_reopt_abeb05e958b8cac57a9a,True,f1159b421da75b03,904567fd11d251fb,,
step,-36.0,reoptimized,,,,,,,,,,,,,,,,,,,,,,,,not_found,
step,-38.0,unoptimized_reference,73aa6a30497cc637,infeasible,voltage,,54.64557724182036,0.0,voltage,voltage,0.0,6.793673172543286,21.095394200005103,2318.0,4.057997305915895e-11,5.027852797654039e-16,,0.2999999990000001,0.028322085354926828,4.398615398487152,,q2_reopt_4b0a853a0e4d2df17400,True,73aa6a30497cc637,904567fd11d251fb,,
step,-38.0,reoptimized,,,,,,,,,,,,,,,,,,,,,,,,not_found,
step,-40.0,unoptimized_reference,895d47c4b707e28f,infeasible,voltage,,48.15970491574426,0.0,voltage,voltage,0.0,4.847911474723269,15.476832299958915,1875.0,1.014943929333075e-12,4.0384307236712517e-16,,0.29999999899999985,0.021203374656044213,3.234630439951218,,q2_reopt_8373fd17b482d98d01e0,True,895d47c4b707e28f,904567fd11d251fb,,
step,-40.0,reoptimized,,,,,,,,,,,,,,,,,,,,,,,,not_found,
