case_hash,feasibility,stop_reason,success_time,last_valid_time,th_startup,startup_result,shutdown_status,E_aux_total_J,charge_C_cm2,wall_s,nfev,mass_residual,energy_residual,exception,V_min,ice_max,delta_T_max,candidate_id,numerically_accepted,config_requested,code_hash,evaluation,best_so_far,protocol_json,E_aux_to_success_J
af50916ddfd88962,unresolved,horizon,,300.0,40.0,horizon,unresolved,1249.999999999999,81.0000149495289,92.24518670001999,8518,3.358572511802769e-12,1.4860098268621936e-15,,0.5136514512056761,0.07951922732085685,9.929115313316032,q3_coheat_62b82e10c34b9b493202,True,af50916ddfd88962,904567fd11d251fb,1,inf,"{""kind"": ""fixed"", ""params"": [0.1], ""powers"": [0.25, 0.25, 0.25, 0.25, 0.25], ""heat_off"": 40, ""load_start"": 0.0, ""times"": null, ""currents"": null}",
af50916ddfd88962,feasible,success,270.2669082810543,270.2669082810543,80.0,success,passed,2500.0000000000023,72.08008776516205,56.79432829999132,5458,3.358572511802769e-12,1.5567721995699172e-15,,0.5314122541910675,0.04985923800473098,16.80905103328331,q3_coheat_016faa35189b8774433f,True,af50916ddfd88962,904567fd11d251fb,2,2500.0000000000023,"{""kind"": ""fixed"", ""params"": [0.1], ""powers"": [0.25, 0.25, 0.25, 0.25, 0.25], ""heat_off"": 80, ""load_start"": 0.0, ""times"": null, ""currents"": null}",2500.0000000000023
af50916ddfd88962,feasible,success,165.57495734576017,165.57495734576017,160.0,success,passed,5000.000000000009,40.67250248457394,53.160786299966276,5112,3.358572511802769e-12,1.4152474541544702e-15,,0.5314122541910675,0.03636283752455662,21.956997905518733,q3_coheat_fb97ccd1aa30774ff516,True,af50916ddfd88962,904567fd11d251fb,3,2500.0000000000023,"{""kind"": ""fixed"", ""params"": [0.1], ""powers"": [0.25, 0.25, 0.25, 0.25, 0.25], ""heat_off"": 160, ""load_start"": 0.0, ""times"": null, ""currents"": null}",5000.000000000009
af50916ddfd88962,infeasible,voltage,160.90540997643248,198.49891186093376,,success,voltage,6203.090995654192,50.549688839126,55.371412899985444,5274,3.358572511802769e-12,1.4152474541544702e-15,,0.5314122541910675,0.03636283752455662,22.017074763328196,q3_coheat_088047846a2e708f14c9,True,af50916ddfd88962,904567fd11d251fb,4,2500.0000000000023,"{""kind"": ""fixed"", ""params"": [0.1], ""powers"": [0.25, 0.25, 0.25, 0.25, 0.25], ""heat_off"": 300, ""load_start"": 0.0, ""times"": null, ""currents"": null}",5028.294061763524
af50916ddfd88962,feasible,success,271.1249775510463,271.1249775510463,40.0,success,passed,2499.99999999998,72.33757512092181,40.96433569997316,4186,5.1572037552193825e-12,9.90673217908129e-16,,0.546111354391852,0.0450409962929989,17.764130352223873,q3_coheat_022872c36cdcee8a7634,True,af50916ddfd88962,904567fd11d251fb,5,2499.99999999998,"{""kind"": ""fixed"", ""params"": [0.1], ""powers"": [0.5, 0.5, 0.5, 0.5, 0.5], ""heat_off"": 40, ""load_start"": 0.0, ""times"": null, ""currents"": null}",2499.9999999999795
af50916ddfd88962,feasible,success,174.60209722951456,174.60209722951456,80.0,success,passed,4999.999999999976,43.380710675386,24.071514899958856,2396,5.1572037552193825e-12,9.90673217908129e-16,,0.5298619045011167,0.014851323915478472,28.812580972606327,q3_coheat_dadf945865906357ea53,True,af50916ddfd88962,904567fd11d251fb,6,2499.99999999998,"{""kind"": ""fixed"", ""params"": [0.1], ""powers"": [0.5, 0.5, 0.5, 0.5, 0.5], ""heat_off"": 80, ""load_start"": 0.0, ""times"": null, ""currents"": null}",4999.999999999977
af50916ddfd88962,infeasible,voltage,100.50747578540542,101.55834824571714,,success,voltage,6347.396765357297,21.467585980246984,21.921661300002597,2072,5.1572037552193825e-12,1.2737227087390232e-15,,0.3374222311554834,0.014851077010515926,32.66243117637555,q3_coheat_e1a6844c418d908bc09d,True,af50916ddfd88962,904567fd11d251fb,7,2499.99999999998,"{""kind"": ""fixed"", ""params"": [0.1], ""powers"": [0.5, 0.5, 0.5, 0.5, 0.5], ""heat_off"": 160, ""load_start"": 0.0, ""times"": null, ""currents"": null}",6281.717236587815
af50916ddfd88962,infeasible,voltage,100.50747578540542,101.55834824571714,,success,voltage,6347.396765357297,21.467585980246984,21.755316599970683,2072,5.1572037552193825e-12,1.2737227087390232e-15,,0.3374222311554834,0.014851077010515926,32.66243117637555,q3_coheat_6c2fd6b93bc9d53254fb,True,af50916ddfd88962,904567fd11d251fb,8,2499.99999999998,"{""kind"": ""fixed"", ""params"": [0.1], ""powers"": [0.5, 0.5, 0.5, 0.5, 0.5], ""heat_off"": 300, ""load_start"": 0.0, ""times"": null, ""currents"": null}",6281.717236587815
af50916ddfd88962,feasible,success,223.2431444258856,223.2431444258856,40.0,success,passed,3750.0,57.97294391071137,24.345742199977394,2700,1.105307915812475e-12,2.5474454174780464e-15,,0.554566307832531,0.021324315260502925,25.679473540103288,q3_coheat_b60bcad8d9c04e45c0cd,True,af50916ddfd88962,904567fd11d251fb,9,2499.99999999998,"{""kind"": ""fixed"", ""params"": [0.1], ""powers"": [0.75, 0.75, 0.75, 0.75, 0.75], ""heat_off"": 40, ""load_start"": 0.0, ""times"": null, ""currents"": null}",3750.0
af50916ddfd88962,infeasible,voltage,,67.33104060052564,,voltage,voltage,6312.28505629928,11.199312180158154,4.186332200013567,535,1.8013116821818565e-14,2.83049490830894e-16,,0.29999999899999996,9.103809603436005e-20,37.42950045445588,q3_coheat_e657bf92eb9330f49ebe,True,af50916ddfd88962,904567fd11d251fb,10,2499.99999999998,"{""kind"": ""fixed"", ""params"": [0.1], ""powers"": [0.75, 0.75, 0.75, 0.75, 0.75], ""heat_off"": 80, ""load_start"": 0.0, ""times"": null, ""currents"": null}",
af50916ddfd88962,infeasible,voltage,,67.33104060052564,,voltage,voltage,6312.28505629928,11.199312180158154,3.914820999954827,535,1.8013116821818565e-14,2.83049490830894e-16,,0.29999999899999996,9.103809603436005e-20,37.42950045445588,q3_coheat_d9dcc8762100d192683b,True,af50916ddfd88962,904567fd11d251fb,11,2499.99999999998,"{""kind"": ""fixed"", ""params"": [0.1], ""powers"": [0.75, 0.75, 0.75, 0.75, 0.75], ""heat_off"": 160, ""load_start"": 0.0, ""times"": null, ""currents"": null}",
af50916ddfd88962,infeasible,voltage,,67.33104060052564,,voltage,voltage,6312.28505629928,11.199312180158154,3.6263282999861985,535,1.8013116821818565e-14,2.83049490830894e-16,,0.29999999899999996,9.103809603436005e-20,37.42950045445588,q3_coheat_94aa378a42bb8909d97e,True,af50916ddfd88962,904567fd11d251fb,12,2499.99999999998,"{""kind"": ""fixed"", ""params"": [0.1], ""powers"": [0.75, 0.75, 0.75, 0.75, 0.75], ""heat_off"": 300, ""load_start"": 0.0, ""times"": null, ""currents"": null}",
af50916ddfd88962,feasible,success,176.35735774534106,176.35735774534106,40.0,success,passed,5000.0,43.90720732581077,19.59958400001051,2171,3.06535294599261e-12,1.132197963323576e-15,,0.46232795043225183,0.003169293812785783,33.71888738238454,q3_coheat_106676e0b42483e128b9,True,af50916ddfd88962,904567fd11d251fb,13,2499.99999999998,"{""kind"": ""fixed"", ""params"": [0.1], ""powers"": [1.0, 1.0, 1.0, 1.0, 1.0], ""heat_off"": 40, ""load_start"": 0.0, ""times"": null, ""currents"": null}",5000.0
af50916ddfd88962,infeasible,voltage,,47.646920523517416,,voltage,voltage,5955.865065439677,5.675572588436434,3.1520723999710754,432,2.1366253986933574e-14,4.2457423624634106e-16,,0.2999999990000003,1.065060092756085e-18,38.50214651289997,q3_coheat_dab9c8bceaa0e1c72c9d,True,af50916ddfd88962,904567fd11d251fb,14,2499.99999999998,"{""kind"": ""fixed"", ""params"": [0.1], ""powers"": [1.0, 1.0, 1.0, 1.0, 1.0], ""heat_off"": 80, ""load_start"": 0.0, ""times"": null, ""currents"": null}",
af50916ddfd88962,infeasible,voltage,,47.646920523517416,,voltage,voltage,5955.865065439677,5.675572588436434,3.1026091999956407,432,2.1366253986933574e-14,4.2457423624634106e-16,,0.2999999990000003,1.065060092756085e-18,38.50214651289997,q3_coheat_6799acbb1904a3d596c3,True,af50916ddfd88962,904567fd11d251fb,15,2499.99999999998,"{""kind"": ""fixed"", ""params"": [0.1], ""powers"": [1.0, 1.0, 1.0, 1.0, 1.0], ""heat_off"": 160, ""load_start"": 0.0, ""times"": null, ""currents"": null}",
af50916ddfd88962,infeasible,voltage,,47.646920523517416,,voltage,voltage,5955.865065439677,5.675572588436434,3.2155119000235572,432,2.1366253986933574e-14,4.2457423624634106e-16,,0.2999999990000003,1.065060092756085e-18,38.50214651289997,q3_coheat_78391499d90bf146e671,True,af50916ddfd88962,904567fd11d251fb,16,2499.99999999998,"{""kind"": ""fixed"", ""params"": [0.1], ""powers"": [1.0, 1.0, 1.0, 1.0, 1.0], ""heat_off"": 300, ""load_start"": 0.0, ""times"": null, ""currents"": null}",
af50916ddfd88962,feasible,success,277.64985665920284,277.64985665920284,40.0,success,passed,2399.999999999265,74.29496080809031,68.77458839997416,6709,1.6366478480880282e-12,1.8398216904008112e-15,,0.5467469987872774,0.04368910903267855,10.266897984126444,q3_coheat_b96959927fce60f3b968,True,af50916ddfd88962,904567fd11d251fb,17,2399.999999999265,"{""kind"": ""fixed"", ""params"": [0.1], ""powers"": [1.0, 0.2, 0.0, 0.2, 1.0], ""heat_off"": 40, ""load_start"": 0.0, ""times"": null, ""currents"": null}",2399.9999999992647
af50916ddfd88962,feasible,success,185.36351469301025,185.36351469301025,80.0,success,passed,4799.999999999252,46.60905911624898,31.064640799944755,3224,1.6744169810193902e-12,1.8398216904008112e-15,,0.5600157346293688,0.008530112750430887,15.367878376864041,q3_coheat_c2be34f51dcbebb4d09c,True,af50916ddfd88962,904567fd11d251fb,18,2399.999999999265,"{""kind"": ""fixed"", ""params"": [0.1], ""powers"": [1.0, 0.2, 0.0, 0.2, 1.0], ""heat_off"": 80, ""load_start"": 0.0, ""times"": null, ""currents"": null}",4799.999999999252
af50916ddfd88962,infeasible,voltage,94.83272764465846,139.85025200103055,,success,voltage,8391.01512006109,32.95508030865534,30.229609700036235,3129,1.6744169810193902e-12,8.491484724926821e-16,,0.5771611364260675,0.008530112750430887,16.573690789405703,q3_coheat_c3320ecec520b45be569,True,af50916ddfd88962,904567fd11d251fb,19,2399.999999999265,"{""kind"": ""fixed"", ""params"": [0.1], ""powers"": [1.0, 0.2, 0.0, 0.2, 1.0], ""heat_off"": 160, ""load_start"": 0.0, ""times"": null, ""currents"": null}",5689.963658678757
af50916ddfd88962,infeasible,voltage,94.83272764465846,139.85025200103055,,success,voltage,8391.01512006109,32.95508030865534,30.05073190003168,3129,1.6744169810193902e-12,8.491484724926821e-16,,0.5771611364260675,0.008530112750430887,16.573690789405703,q3_coheat_0b65bda4f0356410b6f9,True,af50916ddfd88962,904567fd11d251fb,20,2399.999999999265,"{""kind"": ""fixed"", ""params"": [0.1], ""powers"": [1.0, 0.2, 0.0, 0.2, 1.0], ""heat_off"": 300, ""load_start"": 0.0, ""times"": null, ""currents"": null}",5689.963658678757
af50916ddfd88962,feasible,success,260.75745961975457,260.75745961975457,40.0,success,passed,2799.999999999998,69.22724264057096,38.56000850000419,4038,3.0715645948656945e-12,2.4059206720625992e-15,,0.5553451460328219,0.03655021903761795,12.784207254297826,q3_coheat_8d35267743adf43695ea,True,af50916ddfd88962,904567fd11d251fb,21,2399.999999999265,"{""kind"": ""fixed"", ""params"": [0.1], ""powers"": [0.9, 0.4, 0.2, 0.4, 0.9], ""heat_off"": 40, ""load_start"": 0.0, ""times"": null, ""currents"": null}",2799.9999999999977
af50916ddfd88962,feasible,success,153.35604804976117,153.35604804976117,80.0,success,passed,5599.999999999985,37.00681973225646,20.223820700019132,2182,8.470798443809898e-13,7.076237270772351e-16,,0.5506843482785739,0.00643889827405692,21.885713023509595,q3_coheat_9dbc2788d4815231c831,True,af50916ddfd88962,904567fd11d251fb,22,2399.999999999265,"{""kind"": ""fixed"", ""params"": [0.1], ""powers"": [0.9, 0.4, 0.2, 0.4, 0.9], ""heat_off"": 80, ""load_start"": 0.0, ""times"": null, ""currents"": null}",5599.9999999999845
af50916ddfd88962,infeasible,voltage,86.7660881385461,109.04689395151678,,success,voltage,7633.282576606163,23.714073502783314,19.44766189996153,2004,8.470798443809898e-13,5.66098981661788e-16,,0.5654068197433487,0.00643889827405692,22.453509342548784,q3_coheat_e83f6d671c0042e4b85a,True,af50916ddfd88962,904567fd11d251fb,23,2399.999999999265,"{""kind"": ""fixed"", ""params"": [0.1], ""powers"": [0.9, 0.4, 0.2, 0.4, 0.9], ""heat_off"": 160, ""load_start"": 0.0, ""times"": null, ""currents"": null}",6073.626169698212
af50916ddfd88962,infeasible,voltage,86.7660881385461,109.04689395151678,,success,voltage,7633.282576606163,23.714073502783314,20.409624100022484,2004,8.470798443809898e-13,5.66098981661788e-16,,0.5654068197433487,0.00643889827405692,22.453509342548784,q3_coheat_c6745bd8580406cfa8e0,True,af50916ddfd88962,904567fd11d251fb,24,2399.999999999265,"{""kind"": ""fixed"", ""params"": [0.1], ""powers"": [0.9, 0.4, 0.2, 0.4, 0.9], ""heat_off"": 300, ""load_start"": 0.0, ""times"": null, ""currents"": null}",6073.626169698212
af50916ddfd88962,feasible,success,280.8730842242454,280.8730842242454,40.0,success,passed,2300.000000000118,75.26194839420808,57.86268469999777,5628,9.898421370000154e-12,1.4152474541544702e-15,,0.5432155752230359,0.047015986852651084,10.550629722788784,q3_coheat_2fcad85f91c3dd034366,True,af50916ddfd88962,904567fd11d251fb,25,2300.000000000118,"{""kind"": ""fixed"", ""params"": [0.1], ""powers"": [0.8, 0.3, 0.1, 0.3, 0.8], ""heat_off"": 40, ""load_start"": 0.0, ""times"": null, ""currents"": null}",2300.000000000118
af50916ddfd88962,feasible,success,191.9774149228892,191.9774149228892,80.0,success,passed,4600.000000000118,48.59324590638671,23.8853444000124,2636,9.898421370000154e-12,7.076237270772351e-16,,0.5610687132035813,0.012309589446816219,17.558881832870043,q3_coheat_ee0ea82037044619add3,True,af50916ddfd88962,904567fd11d251fb,26,2300.000000000118,"{""kind"": ""fixed"", ""params"": [0.1], ""powers"": [0.8, 0.3, 0.1, 0.3, 0.8], ""heat_off"": 80, ""load_start"": 0.0, ""times"": null, ""currents"": null}",4600.000000000118
af50916ddfd88962,infeasible,voltage,100.97360208123555,135.52132518102107,,success,voltage,7792.476197908833,31.65641898382654,22.683144000009634,2458,9.898421370000154e-12,8.491484724926821e-16,,0.5735133140209153,0.012309589446816219,19.233430554613335,q3_coheat_2e0116814fd327bb0664,True,af50916ddfd88962,904567fd11d251fb,27,2300.000000000118,"{""kind"": ""fixed"", ""params"": [0.1], ""powers"": [0.8, 0.3, 0.1, 0.3, 0.8], ""heat_off"": 160, ""load_start"": 0.0, ""times"": null, ""currents"": null}",5805.982119671163
af50916ddfd88962,infeasible,voltage,100.97360208123555,135.52132518102107,,success,voltage,7792.476197908833,31.65641898382654,23.015884899999946,2458,9.898421370000154e-12,8.491484724926821e-16,,0.5735133140209153,0.012309589446816219,19.233430554613335,q3_coheat_6da6468b727e37f4ab09,True,af50916ddfd88962,904567fd11d251fb,28,2300.000000000118,"{""kind"": ""fixed"", ""params"": [0.1], ""powers"": [0.8, 0.3, 0.1, 0.3, 0.8], ""heat_off"": 300, ""load_start"": 0.0, ""times"": null, ""currents"": null}",5805.982119671163
af50916ddfd88962,feasible,success,282.47150722173683,282.47150722173683,40.0,success,passed,2200.0000000003943,75.74146384874778,64.98862220003502,6811,1.9572847089068387e-11,1.4152474541544702e-15,,0.5461407954832731,0.04481865829438328,11.469014743083761,q3_coheat_9b74c6315078417fd517,True,af50916ddfd88962,904567fd11d251fb,29,2200.0000000003943,"{""kind"": ""fixed"", ""params"": [0.1], ""powers"": [1.0, 0.15, 0.1, 0.15, 0.8], ""heat_off"": 40, ""load_start"": 0.0, ""times"": null, ""currents"": null}",2200.0000000003943
af50916ddfd88962,feasible,success,191.68282290080737,191.68282290080737,80.0,success,passed,4400.000000000391,48.504854052324355,36.02239650004776,3460,1.9572847089068387e-11,1.5567721995699172e-15,,0.5597212126106738,0.00885334816493849,15.082358010690939,q3_coheat_a8ee6276fbeb9d75cbe3,True,af50916ddfd88962,904567fd11d251fb,30,2200.0000000003943,"{""kind"": ""fixed"", ""params"": [0.1], ""powers"": [1.0, 0.15, 0.1, 0.15, 0.8], ""heat_off"": 80, ""load_start"": 0.0, ""times"": null, ""currents"": null}",4400.000000000391
af50916ddfd88962,infeasible,voltage,95.79246663584512,143.00995263225468,,success,voltage,7865.547394774402,33.902992971758714,34.77758600004017,3317,1.9572847089068387e-11,9.199108452004056e-16,,0.5775438640255464,0.00885334816493849,16.284224549288922,q3_coheat_d7afecb5794cb132c0ea,True,af50916ddfd88962,904567fd11d251fb,31,2200.0000000003943,"{""kind"": ""fixed"", ""params"": [0.1], ""powers"": [1.0, 0.15, 0.1, 0.15, 0.8], ""heat_off"": 160, ""load_start"": 0.0, ""times"": null, ""currents"": null}",5268.585664971876
af50916ddfd88962,infeasible,voltage,95.79246663584512,143.00995263225468,,success,voltage,7865.547394774402,33.902992971758714,35.247773799987044,3317,1.9572847089068387e-11,9.199108452004056e-16,,0.5775438640255464,0.00885334816493849,16.284224549288922,q3_coheat_1a4e1bdf58a094ce5d7f,True,af50916ddfd88962,904567fd11d251fb,32,2200.0000000003943,"{""kind"": ""fixed"", ""params"": [0.1], ""powers"": [1.0, 0.15, 0.1, 0.15, 0.8], ""heat_off"": 300, ""load_start"": 0.0, ""times"": null, ""currents"": null}",5268.585664971876
af50916ddfd88962,feasible,success,235.3405622285139,235.3405622285139,51.22706082757446,success,passed,3760.561062348335,61.60218836254913,27.200152200006414,2738,1.3884776922178473e-11,8.491484724926821e-16,,0.5573189393355747,0.03561635982332312,23.53611085054405,q3_coheat_72a59f7fc815b77d16d9,True,af50916ddfd88962,904567fd11d251fb,33,2200.0000000003943,"{""kind"": ""fixed"", ""params"": [0.1], ""powers"": [0.3242582726704603, 0.6832415869993189, 0.2164559212199462, 0.8816503976853062, 0.830780177851729], ""heat_off"": 51.22706082757446, ""load_start"": 0.0, ""times"": null, ""currents"": null}",3760.561062348335
af50916ddfd88962,infeasible,voltage,87.62172440798763,93.19331519037885,,success,voltage,5876.915557544894,18.957995353137978,19.445975499984343,1811,6.5377050798561625e-12,7.076237270772351e-16,,0.451193815959052,0.008369274988802012,30.710418252411046,q3_coheat_75c94ebea42e9be3ac22,True,af50916ddfd88962,904567fd11d251fb,34,2200.0000000003943,"{""kind"": ""fixed"", ""params"": [0.1], ""powers"": [0.7355803859104642, 0.3619426900781715, 0.7161526040468934, 0.4899239015333813, 0.21886269827984], ""heat_off"": 231.71922261641438, ""load_start"": 0.0, ""times"": null, ""currents"": null}",5525.562367861525
af50916ddfd88962,infeasible,voltage,,93.48916633483077,,voltage,voltage,5789.499430338143,19.04678442482293,16.483169900020584,1690,2.2446767773488785e-12,2.83049490830894e-16,,0.29999999899999924,0.02727453868052395,40.950529513622826,q3_coheat_a56563d2412ce8708aa8,True,af50916ddfd88962,904567fd11d251fb,35,2200.0000000003943,"{""kind"": ""fixed"", ""params"": [0.1], ""powers"": [0.16558071221796256, 0.21310323597715136, 0.9503389007431976, 0.5632218381224666, 0.5848335273723678], ""heat_off"": 230.10706083215942, ""load_start"": 0.0, ""times"": null, ""currents"": null}",
af50916ddfd88962,infeasible,voltage,,87.52493628791001,,voltage,voltage,5745.17940052052,17.257528883742992,13.40471350000007,1494,2.164604361053574e-12,5.66098981661788e-16,,0.2999999990000001,0.022297546685250892,40.33085183770123,q3_coheat_214d999e2b48a0a4ed0f,True,af50916ddfd88962,904567fd11d251fb,36,2200.0000000003943,"{""kind"": ""fixed"", ""params"": [0.1], ""powers"": [0.1881848876233459, 0.5035675477959496, 0.6705672362701897, 0.8977818141622836, 0.3655179749254298], ""heat_off"": 168.98414905423056, ""load_start"": 0.0, ""times"": null, ""currents"": null}",
af50916ddfd88962,infeasible,voltage,,60.11467980941819,,voltage,voltage,5418.586516965285,9.034403942825922,4.03744560002815,504,3.5317223718422035e-14,5.66098981661788e-16,,0.29999999899999974,6.748638666238462e-19,36.24691238308037,q3_coheat_e098ab8feac889ec3ecb,True,af50916ddfd88962,904567fd11d251fb,37,2200.0000000003943,"{""kind"": ""fixed"", ""params"": [0.1], ""powers"": [0.8734429953465328, 0.926425703679552, 0.8971000712248371, 0.4248537233682457, 0.4836772173624754], ""heat_off"": 123.99798163847541, ""load_start"": 0.0, ""times"": null, ""currents"": null}",
af50916ddfd88962,infeasible,voltage,,75.68439144220149,,voltage,voltage,6363.97200684384,13.70532983955144,12.594840899982955,1403,4.712969497568989e-13,5.66098981661788e-16,,0.2999999990000008,0.0016847676089624295,34.97889951064133,q3_coheat_adcc55224c26fbfc0187,True,af50916ddfd88962,904567fd11d251fb,38,2200.0000000003943,"{""kind"": ""fixed"", ""params"": [0.1], ""powers"": [0.7594256405059101, 0.746532833043916, 0.39133464020735376, 0.9920036216782928, 0.4741296649504424], ""heat_off"": 177.15902645761625, ""load_start"": 0.0, ""times"": null, ""currents"": null}",
af50916ddfd88962,infeasible,voltage,127.3978183502354,142.12657167408256,,success,voltage,6566.039396022916,33.638062924130125,22.27953419997357,2779,5.322264106955134e-12,2.4059206720625992e-15,,0.49252742090205376,0.02473279827151796,26.95682605793627,q3_coheat_3f21b2cae1c2df5d16d8,True,af50916ddfd88962,904567fd11d251fb,39,2200.0000000003943,"{""kind"": ""fixed"", ""params"": [0.1], ""powers"": [0.35703230058068747, 0.4038557163375206, 0.30669226994737764, 0.3301185304017602, 0.45024258276303086], ""heat_off"": 198.8624978301396, ""load_start"": 0.0, ""times"": null, ""currents"": null}",5885.592570073607
af50916ddfd88962,infeasible,voltage,,80.33351958892702,,voltage,voltage,6369.219710726983,15.100089730651579,11.889435599965509,1387,1.0899185506634389e-12,5.66098981661788e-16,,0.299999999,0.020866271231550316,42.80556140423647,q3_coheat_290a139646111b2fdf4b,True,af50916ddfd88962,904567fd11d251fb,40,2200.0000000003943,"{""kind"": ""fixed"", ""params"": [0.1], ""powers"": [0.2576322838397719, 0.3074751815118928, 0.8785558078157338, 0.7499892598159309, 0.9777358206298515], ""heat_off"": 150.98043686163442, ""load_start"": 0.0, ""times"": null, ""currents"": null}",
af50916ddfd88962,infeasible,voltage,87.1149837664979,106.6352742946138,,success,voltage,7411.474363354455,22.990594359683207,16.488433099992108,1995,5.877193114898575e-13,8.491484724926821e-16,,0.5575126903743275,0.006893687608431522,23.84538689169551,q3_coheat_04533fc79080075e09dc,True,af50916ddfd88962,904567fd11d251fb,41,2200.0000000003943,"{""kind"": ""fixed"", ""params"": [0.1], ""powers"": [0.9312941335377211, 0.18703363101732962, 0.42183404723654905, 0.5379394771048773, 0.7020197966928118], ""heat_off"": 133.5722533606632, ""load_start"": 0.0, ""times"": null, ""currents"": null}",6054.755081003357
af50916ddfd88962,feasible,success,146.34673975139088,146.34673975139088,84.90190053675676,success,passed,6181.726232977222,34.9041031378678,18.239637600025162,2531,9.88155111778258e-12,9.90673217908129e-16,,0.3044367885446842,0.015161393455350808,35.82028872263294,q3_coheat_b4d836f8f7061f60e2fe,True,af50916ddfd88962,904567fd11d251fb,42,2200.0000000003943,"{""kind"": ""fixed"", ""params"": [0.1], ""powers"": [0.5580465166274559, 0.20601963541165094, 0.6868653890769487, 0.8409140449273247, 0.6205632971009714], ""heat_off"": 84.90190053675676, ""load_start"": 0.0, ""times"": null, ""currents"": null}",6181.726232977222
af50916ddfd88962,feasible,success,247.9646115743065,247.9646115743065,70.00763506433782,success,passed,3444.363503048451,65.38939903486481,18.327737000014167,2790,5.612215240742849e-13,6.368613543695116e-16,,0.5317833463437822,0.04618393352255067,28.278044385638225,q3_coheat_4944f6ca18175d25cb6b,True,af50916ddfd88962,904567fd11d251fb,43,2200.0000000003943,"{""kind"": ""fixed"", ""params"": [0.1], ""powers"": [0.1780719652917318, 0.177867181967484, 0.4121964506216268, 0.8599676467184757, 0.33988981780484984], ""heat_off"": 70.00763506433782, ""load_start"": 0.0, ""times"": null, ""currents"": null}",3444.36350304845
af50916ddfd88962,infeasible,voltage,,55.72325726161188,,voltage,voltage,5089.51714621721,7.762703499609916,3.292656400008127,460,2.5172517795983218e-14,2.83049490830894e-16,,0.29999999900000024,1.4684272908743737e-18,37.55800695215356,q3_coheat_93e6c2758689e3e81d81,True,af50916ddfd88962,904567fd11d251fb,44,2200.0000000003943,"{""kind"": ""fixed"", ""params"": [0.1], ""powers"": [0.8602306802861993, 0.9153996356555459, 0.9636755729816762, 0.7569021052387325, 0.15721601321252984], ""heat_off"": 57.223756720895594, ""load_start"": 0.0, ""times"": null, ""currents"": null}",
af50916ddfd88962,feasible,success,158.03081057227087,158.03081057227087,79.00942672596429,success,passed,4476.767653583986,38.40927094929027,23.197827299998607,3090,4.277263265803438e-12,8.491484724926821e-16,,0.5364828865270352,0.004771579884058436,25.761217441999293,q3_coheat_fee5990158e0ad603d1e,True,af50916ddfd88962,904567fd11d251fb,45,2200.0000000003943,"{""kind"": ""fixed"", ""params"": [0.1], ""powers"": [0.9501220406895802, 0.2994345313239615, 0.6621505839639448, 0.14972588936802406, 0.20501430864488512], ""heat_off"": 79.00942672596429, ""load_start"": 0.0, ""times"": null, ""currents"": null}",4476.767653583986
af50916ddfd88962,infeasible,voltage,,77.12037977112992,,voltage,voltage,6585.043511031824,14.136119090198873,12.543887200008612,1867,3.673725198400479e-12,5.66098981661788e-16,,0.29999999900000035,0.012586316036574001,39.16350611750846,q3_coheat_6fc705bb42dd45a7e4cd,True,af50916ddfd88962,904567fd11d251fb,46,2200.0000000003943,"{""kind"": ""fixed"", ""params"": [0.1], ""powers"": [0.44038001813958594, 0.5189162761401767, 0.9369368959515469, 0.5421236929265311, 0.9771052971762165], ""heat_off"": 205.47697724684446, ""load_start"": 0.0, ""times"": null, ""currents"": null}",
af50916ddfd88962,feasible,success,210.4817305942706,210.4817305942706,97.45525570399121,success,passed,4986.751116826653,54.14454031496125,17.89622320001945,2616,4.460879476887436e-12,1.6982969449853642e-15,,0.5411875491207355,0.033985746413019914,21.669206528627512,q3_coheat_24875ecca633743f873c,True,af50916ddfd88962,904567fd11d251fb,47,2200.0000000003943,"{""kind"": ""fixed"", ""params"": [0.1], ""powers"": [0.4133374668928328, 0.10694180171065348, 0.2039203265844543, 0.3720396851884663, 0.9505466341660868], ""heat_off"": 97.45525570399121, ""load_start"": 0.0, ""times"": null, ""currents"": null}",4986.751116826653
af50916ddfd88962,infeasible,voltage,,96.0073792946476,,voltage,voltage,5361.7995591910785,19.802256130104844,18.01321679999819,2153,2.657938714426588e-12,4.2457423624634106e-16,,0.2999999989999998,0.014277283742167425,33.97056577628433,q3_coheat_a1728feadb67db801376,True,af50916ddfd88962,904567fd11d251fb,48,2200.0000000003943,"{""kind"": ""fixed"", ""params"": [0.1], ""powers"": [0.45033243203235807, 0.5908367541042945, 0.6462111748063384, 0.4047225644552779, 0.14180850873666928], ""heat_off"": 192.3616199206122, ""load_start"": 0.0, ""times"": null, ""currents"": null}",
af50916ddfd88962,infeasible,voltage,,77.4156222696821,,voltage,voltage,5576.766394521032,14.224687905926459,18.201283400005195,1937,9.83529823622573e-12,9.90673217908129e-16,,0.2999999989999999,0.01191025954759421,39.10626114318353,q3_coheat_db12f0e015980f04eee6,True,af50916ddfd88962,904567fd11d251fb,49,2200.0000000003943,"{""kind"": ""fixed"", ""params"": [0.1], ""powers"": [0.4290651551798784, 0.624994842939395, 0.7698469452293081, 0.9099815012228736, 0.14757978161886817], ""heat_off"": 183.581740894448, ""load_start"": 0.0, ""times"": null, ""currents"": null}",
af50916ddfd88962,infeasible,voltage,71.79732789971952,81.71558957805122,,success,voltage,7336.652375288585,15.514676873415842,3.1778777999570593,605,9.990109773331758e-15,9.90673217908129e-16,,0.5312501801879312,1.238524476693356e-19,27.867205060801837,q3_coheat_a37bf3685312c687cb56,True,af50916ddfd88962,904567fd11d251fb,50,2200.0000000003943,"{""kind"": ""fixed"", ""params"": [0.1], ""powers"": [0.9558963593936526, 0.7609122169065088, 0.10828372002086552, 0.8019707740436043, 0.9642479209271487], ""heat_off"": 291.8155743379711, ""load_start"": 0.0, ""times"": null, ""currents"": null}",6446.163320791067
af50916ddfd88962,infeasible,voltage,,97.75207198461577,,voltage,voltage,6478.258266753163,20.32564993131619,20.81792839994887,2230,1.78198910988302e-12,1.981346435816258e-15,,0.29999999900000035,0.023115359400617208,37.92104269342451,q3_coheat_26d954f68b9793d794c7,True,af50916ddfd88962,904567fd11d251fb,51,2200.0000000003943,"{""kind"": ""fixed"", ""params"": [0.1], ""powers"": [0.2572089848861595, 0.4026672164180207, 0.6262654670847562, 0.6389566371150418, 0.7257951784816834], ""heat_off"": 218.56010154807635, ""load_start"": 0.0, ""times"": null, ""currents"": null}",
af50916ddfd88962,infeasible,voltage,,77.06442066742373,,voltage,voltage,6850.213702825633,14.119331808880851,15.93410130002303,1751,3.817781640544413e-12,5.66098981661788e-16,,0.29999999900000013,0.008591713704701676,37.363018970828136,q3_coheat_f40c0bbf38427a0d6ddd,True,af50916ddfd88962,904567fd11d251fb,52,2200.0000000003943,"{""kind"": ""fixed"", ""params"": [0.1], ""powers"": [0.6172134783044114, 0.5370480301654689, 0.5763610486289313, 0.9645933346210386, 0.8603619708002181], ""heat_off"": 143.57429812867886, ""load_start"": 0.0, ""times"": null, ""currents"": null}",
af50916ddfd88962,infeasible,voltage,,92.10851641834324,,voltage,voltage,6400.0593872468835,18.632557756069264,21.79118150001159,2136,1.9579467158849595e-12,5.66098981661788e-16,,0.2999999990000002,0.01182955840385712,33.77311146032196,q3_coheat_ae8dc961b4c0d5030d80,True,af50916ddfd88962,904567fd11d251fb,53,2200.0000000003943,"{""kind"": ""fixed"", ""params"": [0.1], ""powers"": [0.46857888031178596, 0.843727162315348, 0.3189557844924157, 0.3903223880129326, 0.7577719773736308], ""heat_off"": 186.8866739628355, ""load_start"": 0.0, ""times"": null, ""currents"": null}",
af50916ddfd88962,infeasible,voltage,94.17937138636377,95.56834330716771,,success,voltage,6291.798017333296,19.670504418166377,23.647747999988496,2300,1.0172684724765323e-11,1.4152474541544702e-15,,0.3519292794162698,0.012078036661884945,32.68612778506946,q3_coheat_6c2f8331eb67bd9a5a2b,True,af50916ddfd88962,904567fd11d251fb,54,2200.0000000003943,"{""kind"": ""fixed"", ""params"": [0.1], ""powers"": [0.5459413972579621, 0.6153099090006715, 0.3573339419222077, 0.6827759783695301, 0.4320622689729279], ""heat_off"": 241.0058663046058, ""load_start"": 0.0, ""times"": null, ""currents"": null}",6200.354235061614
af50916ddfd88962,infeasible,voltage,80.49131625785998,83.58328098503162,,success,voltage,7225.772021312819,16.074990491199927,15.864709599991329,1612,2.1532102655422625e-12,8.491484724926821e-16,,0.4191234082208886,0.005128908064136839,32.71498625191674,q3_coheat_feb1de42d73f6f1d2487,True,af50916ddfd88962,904567fd11d251fb,55,2200.0000000003943,"{""kind"": ""fixed"", ""params"": [0.1], ""powers"": [0.8130619010092015, 0.4363197471093865, 0.5225630904476986, 0.8195121319859501, 0.8665418756835489], ""heat_off"": 283.61128822843966, ""load_start"": 0.0, ""times"": null, ""currents"": null}",6958.471767563699
af50916ddfd88962,infeasible,voltage,79.38223321164277,88.11720573612307,,success,voltage,6295.340755852585,17.435173835946948,18.353356100036763,1913,5.17273916207168e-12,4.2457423624634106e-16,,0.505847495488286,0.0033815583962485476,29.029349464245456,q3_coheat_3909a4924050d50f7400,True,af50916ddfd88962,904567fd11d251fb,56,2200.0000000003943,"{""kind"": ""fixed"", ""params"": [0.1], ""powers"": [0.8994463373372311, 0.3742613986892488, 0.5664495905237927, 0.7326810666696044, 0.28487399257916746], ""heat_off"": 235.34619816171278, ""load_start"": 0.0, ""times"": null, ""currents"": null}",5671.289776532042
af50916ddfd88962,feasible,success,299.27181611228906,299.27181611228906,22.515659902688043,success,passed,1794.314846406112,80.78155277453898,74.80962069996167,7660,5.770476959040663e-12,1.4152474541544702e-15,,0.5282588802239734,0.06062301331062056,11.404539570473702,q3_coheat_ed6c380402742319e774,True,af50916ddfd88962,904567fd11d251fb,57,1794.314846406112,"{""kind"": ""fixed"", ""params"": [0.1], ""powers"": [0.6799053583034553, 0.8766307084907017, 0.1153965834794285, 0.7752221642493385, 0.7405196381221832], ""heat_off"": 22.515659902688043, ""load_start"": 0.0, ""times"": null, ""currents"": null}",1794.3148464061123
af50916ddfd88962,feasible,success,293.10944376367064,293.10944376367064,26.730722572437625,success,passed,1836.7094824537576,78.93284503244912,59.52148739999393,6055,1.329103528856879e-12,1.132197963323576e-15,,0.5408061413718735,0.04967179897456568,17.50317829745461,q3_coheat_da98241463a98916a321,True,af50916ddfd88962,904567fd11d251fb,58,1794.314846406112,"{""kind"": ""fixed"", ""params"": [0.1], ""powers"": [0.7269209601959593, 0.9739723770341916, 0.47440428891704145, 0.1088291050339035, 0.4643354212750621], ""heat_off"": 26.730722572437625, ""load_start"": 0.0, ""times"": null, ""currents"": null}",1836.7094824537578
af50916ddfd88962,infeasible,voltage,,96.41370099032562,,voltage,voltage,6175.127162292331,19.92411400345043,12.407968599989545,1518,7.787447110849454e-13,5.307177953079263e-16,,0.29999999899999996,0.028241519772729966,40.56315590399822,q3_coheat_35279e92aed2fe6a790f,True,af50916ddfd88962,904567fd11d251fb,59,1794.314846406112,"{""kind"": ""fixed"", ""params"": [0.1], ""powers"": [0.1332366786113979, 0.2871702750274279, 0.8736939765125634, 0.47575296010913115, 0.792075420144006], ""heat_off"": 224.42476881213193, ""load_start"": 0.0, ""times"": null, ""currents"": null}",
af50916ddfd88962,infeasible,voltage,,63.23846881817745,,voltage,voltage,5636.937766508442,9.9715406454537,3.8267068000277504,520,2.1817603663637022e-14,4.2457423624634106e-16,,0.29999999900000013,2.6266486613348722e-19,36.88485173924471,q3_coheat_c7e2d5d04897cc875491,True,af50916ddfd88962,904567fd11d251fb,60,1794.314846406112,"{""kind"": ""fixed"", ""params"": [0.1], ""powers"": [0.8336473410961265, 0.782694579833777, 0.9772361262611107, 0.4418381271824581, 0.5300956869055881], ""heat_off"": 292.9339913206009, ""load_start"": 0.0, ""times"": null, ""currents"": null}",
af50916ddfd88962,feasible,success,203.9607270009765,203.9607270009765,109.4385572832259,success,passed,4704.314128415239,52.18826623552978,30.210262900043745,3201,9.216922938708996e-13,2.1228711812317052e-15,,0.5356121849625372,0.033614815744785045,26.701514101777832,q3_coheat_f2169df67878c2a8f088,True,af50916ddfd88962,904567fd11d251fb,61,1794.314846406112,"{""kind"": ""fixed"", ""params"": [0.1], ""powers"": [0.30332257901841186, 0.13051449177402039, 0.24649458616294437, 0.7297417572547847, 0.30936231125925145], ""heat_off"": 109.4385572832259, ""load_start"": 0.0, ""times"": null, ""currents"": null}",4704.314128415239
af50916ddfd88962,infeasible,voltage,,114.62969392117441,,voltage,voltage,6227.451225640704,25.388918816035464,21.0392462000018,2223,2.4507182762611722e-12,7.076237270772351e-16,,0.2999999990000001,0.021779706043191294,33.01622295750167,q3_coheat_e9695f70dc92fc678a01,True,af50916ddfd88962,904567fd11d251fb,62,1794.314846406112,"{""kind"": ""fixed"", ""params"": [0.1], ""powers"": [0.29830934413588933, 0.5441254980336143, 0.5283409725368012, 0.23062458703103467, 0.5716669816312236], ""heat_off"": 268.15375242890286, ""load_start"": 0.0, ""times"": null, ""currents"": null}",
af50916ddfd88962,infeasible,voltage,,65.01529373385837,,voltage,voltage,5840.7034960905485,10.504588120157974,3.6077502999687567,535,2.7082757569432465e-14,2.83049490830894e-16,,0.2999999990000005,5.896456933075847e-19,38.061874146589275,q3_coheat_276ed379d8f210419ed7,True,af50916ddfd88962,904567fd11d251fb,63,1794.314846406112,"{""kind"": ""fixed"", ""params"": [0.1], ""powers"": [0.7095990378687368, 0.8138791413940188, 0.7988737197614927, 0.7646193954877171, 0.5064622874385222], ""heat_off"": 77.87867836949383, ""load_start"": 0.0, ""times"": null, ""currents"": null}",
af50916ddfd88962,feasible,success,254.2193350225109,254.2193350225109,44.37238709176022,success,passed,2700.6761026281874,67.26583846992804,36.8041698000161,4072,1.3637667449347e-11,1.2737227087390232e-15,,0.5565355993880592,0.027968448108353153,17.642656019627793,q3_coheat_50227ae5a9f8a510f432,True,af50916ddfd88962,904567fd11d251fb,64,1794.314846406112,"{""kind"": ""fixed"", ""params"": [0.1], ""powers"": [0.9774060741735902, 0.556004221568974, 0.14013398308865016, 0.23827808455276386, 0.5227332507129386], ""heat_off"": 44.37238709176022, ""load_start"": 0.0, ""times"": null, ""currents"": null}",2700.676102628187
af50916ddfd88962,unresolved,horizon,,300.0,36.47375383961699,horizon,unresolved,1488.5259430431015,81.00001110111666,72.03469659999246,7135,3.0448934325157504e-12,2.6889701628934932e-15,,0.5231296962079188,0.06845376205613186,15.35447983713243,q3_coheat_1c1c878e783e39658f65,True,af50916ddfd88962,904567fd11d251fb,65,1794.314846406112,"{""kind"": ""fixed"", ""params"": [0.1], ""powers"": [0.15369288055030428, 0.7012832417493714, 0.33097819303186593, 0.12507367522721818, 0.3214071567403295], ""heat_off"": 36.47375383961699, ""load_start"": 0.0, ""times"": null, ""currents"": null}",
af50916ddfd88962,feasible,success,206.09189237345032,206.09189237345032,64.9018529211335,success,passed,4068.507471001751,52.82757709831755,21.481863799970597,2419,4.471508394598435e-12,7.076237270772351e-16,,0.5589606918777867,0.017735892349851585,22.18604178799046,q3_coheat_d2b0487f82841583e36c,True,af50916ddfd88962,904567fd11d251fb,66,1794.314846406112,"{""kind"": ""fixed"", ""params"": [0.1], ""powers"": [0.598742010771157, 0.796146772399855, 0.19925585202935267, 0.14290731241233737, 0.7704311444004038], ""heat_off"": 64.9018529211335, ""load_start"": 0.0, ""times"": null, ""currents"": null}",4068.50747100175
af50916ddfd88962,infeasible,voltage,100.78330733081226,105.89638953533247,,success,voltage,6017.466398692943,22.768925067366055,20.656726600020193,2125,1.4363394059765639e-12,7.076237270772351e-16,,0.427579762453474,0.014559394075156941,30.670370725677742,q3_coheat_6c1c1c73214c10e4c6c1,True,af50916ddfd88962,904567fd11d251fb,67,1794.314846406112,"{""kind"": ""fixed"", ""params"": [0.1], ""powers"": [0.5717171679906532, 0.3445748132895431, 0.5544626414199946, 0.6115937942443144, 0.19061534512404832], ""heat_off"": 288.8514105201158, ""load_start"": 0.0, ""times"": null, ""currents"": null}",5726.92013460914
af50916ddfd88962,infeasible,voltage,,63.86215763883995,,voltage,voltage,6396.656889409038,10.158647291652454,3.609501100028865,523,4.758185154758165e-14,2.83049490830894e-16,,0.2999999990000004,7.612534159509553e-20,36.64399750892994,q3_coheat_4d4a0f767433527f1d41,True,af50916ddfd88962,904567fd11d251fb,68,1794.314846406112,"{""kind"": ""fixed"", ""params"": [0.1], ""powers"": [0.9868568901527256, 0.5109101653095677, 0.9305203459898104, 0.9430357669699789, 0.6352166203423941], ""heat_off"": 100.8756146305725, ""load_start"": 0.0, ""times"": null, ""currents"": null}",
af50916ddfd88962,feasible,success,204.88041118820883,204.88041118820883,63.95428943336045,success,passed,3997.970177615995,52.464135985794506,21.887463600025512,2501,8.812700818923986e-12,1.2737227087390232e-15,,0.5296242569622809,0.02153671640207444,33.74406484595613,q3_coheat_e564795ee82238bcc754,True,af50916ddfd88962,904567fd11d251fb,69,1794.314846406112,"{""kind"": ""fixed"", ""params"": [0.1], ""powers"": [0.21483953373620943, 0.9960264719652611, 0.509282919540121, 0.5985858791755131, 0.18178249507128635], ""heat_off"": 63.95428943336045, ""load_start"": 0.0, ""times"": null, ""currents"": null}",3997.970177615995
af50916ddfd88962,feasible,success,162.70412232519385,162.70412232519385,87.8730078853461,success,passed,6465.513471675267,39.81129291924374,20.763900400022976,2416,1.825272410493819e-12,1.1585517069740015e-15,,0.3456017267862097,0.02274967296078636,37.86916708045811,q3_coheat_6f651e2171ffcbfc31ac,True,af50916ddfd88962,904567fd11d251fb,70,1794.314846406112,"{""kind"": ""fixed"", ""params"": [0.1], ""powers"": [0.2733419537282161, 0.38924167574470525, 0.5861189810323819, 0.7005792517080321, 0.9938350867871375], ""heat_off"": 87.8730078853461, ""load_start"": 0.0, ""times"": null, ""currents"": null}",6465.513471675266
af50916ddfd88962,unresolved,horizon,,300.0,10.555735268593423,horizon,unresolved,654.1363279587633,81.0000103664078,88.70136369997635,8549,2.1617191228885673e-11,8.491484724926821e-16,,0.49659116540082154,0.0996871568369315,7.229353084352169,q3_coheat_33406ab4a3cd34ab77bc,True,af50916ddfd88962,904567fd11d251fb,71,1794.314846406112,"{""kind"": ""fixed"", ""params"": [0.1], ""powers"": [0.415994381311118, 0.6663192177813703, 0.6769394413658493, 0.11776349694644624, 0.6017736607731531], ""heat_off"": 10.555735268593423, ""load_start"": 0.0, ""times"": null, ""currents"": null}",
af50916ddfd88962,infeasible,voltage,,87.20987489093571,,voltage,voltage,5756.16246607699,17.16296829202281,19.90590140002314,2034,3.583484210494291e-12,7.076237270772351e-16,,0.29999999899999996,0.012569440254606344,36.002787754420524,q3_coheat_c1b3e06a678c2b6c845f,True,af50916ddfd88962,904567fd11d251fb,72,1794.314846406112,"{""kind"": ""fixed"", ""params"": [0.1], ""powers"": [0.47960860322160526, 0.5660574425604251, 0.7479842276346877, 0.49484383776916774, 0.35164840628733995], ""heat_off"": 259.97846218534033, ""load_start"": 0.0, ""times"": null, ""currents"": null}",
af50916ddfd88962,infeasible,voltage,95.04505111665777,102.29891142039477,,success,voltage,7320.897748535314,21.689704119558733,22.2532094999915,2241,5.347458165936367e-12,5.66098981661788e-16,,0.4715529720213199,0.011969748947984535,29.67293915233813,q3_coheat_e74c629d66be3045ab7e,True,af50916ddfd88962,904567fd11d251fb,73,1794.314846406112,"{""kind"": ""fixed"", ""params"": [0.1], ""powers"": [0.641018681943235, 0.46843176280582755, 0.2637221642967081, 0.6881662054788412, 0.8012127598318839], ""heat_off"": 116.62871299636396, ""load_start"": 0.0, ""times"": null, ""currents"": null}",6801.784017719708
af50916ddfd88962,infeasible,voltage,,73.28785700939605,,voltage,voltage,5335.947700649162,12.986373065021857,16.3589406000101,1750,1.6901362483027344e-12,9.90673217908129e-16,,0.29999999900000035,0.013524640399295476,41.026200057444726,q3_coheat_36ed0f4a38a1ad15369c,True,af50916ddfd88962,904567fd11d251fb,74,1794.314846406112,"{""kind"": ""fixed"", ""params"": [0.1], ""powers"": [0.23608060169736464, 0.9055114972373303, 0.9790989187659799, 0.21688756156949696, 0.5747443721106351], ""heat_off"": 211.21469034838776, ""load_start"": 0.0, ""times"": null, ""currents"": null}",
af50916ddfd88962,infeasible,voltage,122.15345259508004,157.42462877154276,,success,voltage,6398.910546901613,38.227404715299265,37.59739010001067,3806,6.045994477259987e-12,1.132197963323576e-15,,0.5574649585563425,0.02114160232647859,21.143884041503043,q3_coheat_72a420076d9bd6b7141a,True,af50916ddfd88962,904567fd11d251fb,75,1794.314846406112,"{""kind"": ""fixed"", ""params"": [0.1], ""powers"": [0.5855980735470802, 0.11398263155059601, 0.4599900793527293, 0.2062888364028591, 0.26003858753639864], ""heat_off"": 253.91201471016075, ""load_start"": 0.0, ""times"": null, ""currents"": null}",4965.226993073945
af50916ddfd88962,infeasible,voltage,,110.99471203697506,,voltage,voltage,6761.160618560858,24.298416563573678,21.558077400026377,2182,1.232951502753448e-12,7.076237270772351e-16,,0.2999999990000005,0.025750703503585146,35.867396811065134,q3_coheat_250b262afe74fb7fdeae,True,af50916ddfd88962,904567fd11d251fb,76,1794.314846406112,"{""kind"": ""fixed"", ""params"": [0.1], ""powers"": [0.14143891464554678, 0.6411905183802485, 0.4687993964208065, 0.29795389922713467, 0.8871876248070852], ""heat_off"": 132.18852878040212, ""load_start"": 0.0, ""times"": null, ""currents"": null}",
af50916ddfd88962,feasible,success,247.12467416492308,247.12467416492308,35.13565964583467,success,passed,3204.8728482194633,65.13740271996915,25.592353900021408,2813,6.830669293690454e-13,9.90673217908129e-16,,0.555563911847269,0.033624897350856296,24.527921209197984,q3_coheat_acb82c0af6415ef37746,True,af50916ddfd88962,904567fd11d251fb,77,1794.314846406112,"{""kind"": ""fixed"", ""params"": [0.1], ""powers"": [0.5259585886865544, 0.8903363670788774, 0.7340143313367886, 0.5730837928116439, 0.9251769261988863], ""heat_off"": 35.13565964583467, ""load_start"": 0.0, ""times"": null, ""currents"": null}",3204.872848219463
af50916ddfd88962,infeasible,voltage,,105.07464207986818,,voltage,voltage,6047.886367847563,22.52239596001168,19.362996999989264,2073,4.434819805227064e-12,7.076237270772351e-16,,0.2999999989999999,0.027669351546391226,37.640774384804615,q3_coheat_0b2709539842a4023903,True,af50916ddfd88962,904567fd11d251fb,78,1794.314846406112,"{""kind"": ""fixed"", ""params"": [0.1], ""powers"": [0.10027443511089694, 0.48005159151489496, 0.7296487694945564, 0.4350223004049869, 0.5573229487813213], ""heat_off"": 173.90232909280027, ""load_start"": 0.0, ""times"": null, ""currents"": null}",
af50916ddfd88962,infeasible,voltage,80.54398854094444,91.69281205414484,,success,voltage,6701.054172952821,18.507853148722706,17.60457279998809,1845,6.030471786403442e-12,1.2029603360312996e-15,,0.5237770596331688,0.0037440442694275117,27.190886989593196,q3_coheat_83ac2c1d413031ed2c8a,True,af50916ddfd88962,904567fd11d251fb,79,1794.314846406112,"{""kind"": ""fixed"", ""params"": [0.1], ""powers"": [0.7442288488604578, 0.9447148684373973, 0.1316426093434824, 0.16038323965671497, 0.9422930200847673], ""heat_off"": 216.50233536308662, ""load_start"": 0.0, ""times"": null, ""currents"": null}",5886.280706494726
af50916ddfd88962,infeasible,voltage,82.22968889211529,96.53436943672457,,success,voltage,6435.485085258053,19.960314401245913,16.708719999995083,1733,6.8391972922455584e-12,9.90673217908129e-16,,0.538861631673424,0.004581275429298986,25.906860903295694,q3_coheat_8325f58fe612d2179d58,True,af50916ddfd88962,904567fd11d251fb,80,1794.314846406112,"{""kind"": ""fixed"", ""params"": [0.1], ""powers"": [0.8253990682822704, 0.6364167992321569, 0.3653873601707909, 0.19919845329998082, 0.6402071642619163], ""heat_off"": 155.25628483242286, ""load_start"": 0.0, ""times"": null, ""currents"": null}",5481.86039354082
af50916ddfd88962,unresolved,horizon,,300.0,16.261911736501112,horizon,unresolved,931.623244071548,81.00000691348716,85.57704770000419,8128,4.450591777641062e-12,2.5474454174780464e-15,,0.5086481114241254,0.08752293964190103,7.38407582688717,q3_coheat_f95ca74aa6bf29d1bdf6,True,af50916ddfd88962,904567fd11d251fb,81,1794.314846406112,"{""kind"": ""fixed"", ""params"": [0.1], ""powers"": [0.9126348584883119, 0.14163450598391397, 0.33790060382721554, 0.6644983939928545, 0.23487831233501152], ""heat_off"": 16.261911736501112, ""load_start"": 0.0, ""times"": null, ""currents"": null}",
af50916ddfd88962,infeasible,voltage,,93.09222797677012,,voltage,voltage,5586.349308949599,18.92767179017482,21.2046149999951,2171,1.2154286407794297e-11,5.66098981661788e-16,,0.29999999899999996,0.019289587438832318,37.28080476324294,q3_coheat_ede041daea1feda6d67b,True,af50916ddfd88962,904567fd11d251fb,82,1794.314846406112,"{""kind"": ""fixed"", ""params"": [0.1], ""powers"": [0.19043114695144037, 0.8730559125411506, 0.2378574224233331, 0.9843140054398724, 0.11469197384223423], ""heat_off"": 196.76489971603544, ""load_start"": 0.0, ""times"": null, ""currents"": null}",
af50916ddfd88962,infeasible,voltage,115.86529430258118,125.63581586529598,,success,voltage,5609.146554360588,28.690756193862672,36.68271580000874,3678,4.057167501944306e-12,6.368613543695116e-16,,0.4613453821762871,0.020288104542528138,28.773448373378358,q3_coheat_9a56efafd7830e27af84,True,af50916ddfd88962,904567fd11d251fb,83,1794.314846406112,"{""kind"": ""fixed"", ""params"": [0.1], ""powers"": [0.4826447011192525, 0.16528685440760768, 0.8221284154478424, 0.1845439724501382, 0.13123921466777155], ""heat_off"": 297.92144488429835, ""load_start"": 0.0, ""times"": null, ""currents"": null}",5172.931077266324
af50916ddfd88962,feasible,success,199.6984983516095,199.6984983516095,127.67136952508575,success,passed,4761.6379396690945,50.9095533943846,49.935506300011184,5054,4.890178300011454e-12,2.264395926647152e-15,,0.5313643929177734,0.03591209801321134,22.574176273989053,q3_coheat_afe80e0f3fc7a2459187,True,af50916ddfd88962,904567fd11d251fb,84,1794.314846406112,"{""kind"": ""fixed"", ""params"": [0.1], ""powers"": [0.23382165450264683, 0.2675848530163356, 0.2269529408961323, 0.3245619068315486, 0.4389206943471776], ""heat_off"": 127.67136952508575, ""load_start"": 0.0, ""times"": null, ""currents"": null}",4761.6379396690945
af50916ddfd88962,unresolved,horizon,,300.0,18.07147505351493,horizon,unresolved,1745.8185181611816,81.00002598526973,78.83214179996867,7716,2.957904484740048e-12,2.264395926647152e-15,,0.5249336699164289,0.06428791970470955,14.977253448382612,q3_coheat_cbbcd2bf6f386883cdee,True,af50916ddfd88962,904567fd11d251fb,85,1794.314846406112,"{""kind"": ""fixed"", ""params"": [0.1], ""powers"": [0.628466434172444, 0.8380059653184704, 0.8574960620244222, 0.6286005167038138, 0.9116834151052502], ""heat_off"": 18.07147505351493, ""load_start"": 0.0, ""times"": null, ""currents"": null}",
af50916ddfd88962,infeasible,voltage,,69.76406977691757,,voltage,voltage,6697.483688689363,11.929220933075738,3.9422515999758616,547,3.1134242856375946e-14,2.83049490830894e-16,,0.2999999989999994,1.0368817479298218e-18,36.603885459241496,q3_coheat_e7e807157325b3548b38,True,af50916ddfd88962,904567fd11d251fb,86,1794.314846406112,"{""kind"": ""fixed"", ""params"": [0.1], ""powers"": [0.8435338065151138, 0.579947019839056, 0.6985385868000873, 0.9740370117734017, 0.7440198264181698], ""heat_off"": 152.04954159740652, ""load_start"": 0.0, ""times"": null, ""currents"": null}",
af50916ddfd88962,infeasible,voltage,,81.91984630804018,,voltage,voltage,5558.951840577369,15.575984850836106,15.062320699973498,1682,3.196639319239149e-13,1.4152474541544702e-15,,0.29999999900000013,0.006261654931540285,34.00416513640255,q3_coheat_3fd8e2cd8205ce6881e7,True,af50916ddfd88962,904567fd11d251fb,87,1794.314846406112,"{""kind"": ""fixed"", ""params"": [0.1], ""powers"": [0.5832069602219646, 0.9607883811650936, 0.37261636008225374, 0.46953355386889173, 0.328191790497628], ""heat_off"": 207.0794551292359, ""load_start"": 0.0, ""times"": null, ""currents"": null}",
af50916ddfd88962,feasible,success,214.9241137701396,214.9241137701396,41.659780206807156,success,passed,3815.4940456446548,55.477235569501616,22.558025900041685,2610,5.372606818119791e-13,1.2737227087390232e-15,,0.5513627444930348,0.014890761354341047,21.027547379217935,q3_coheat_f814de7defc2230db7f2,True,af50916ddfd88962,904567fd11d251fb,88,1794.314846406112,"{""kind"": ""fixed"", ""params"": [0.1], ""powers"": [0.9894754626078135, 0.934885475780826, 0.15171664456444048, 0.9181572124592183, 0.6692449701590109], ""heat_off"": 41.659780206807156, ""load_start"": 0.0, ""times"": null, ""currents"": null}",3815.4940456446548
af50916ddfd88962,infeasible,voltage,111.90462617208887,114.57725532813156,,success,voltage,7056.273038508564,25.373180891287394,20.779476099996828,2252,6.559939120013494e-12,9.90673217908129e-16,,0.3765478287709573,0.019280552106163175,31.515839975216068,q3_coheat_966d5ea61ab9e3213a90,True,af50916ddfd88962,904567fd11d251fb,89,1794.314846406112,"{""kind"": ""fixed"", ""params"": [0.1], ""powers"": [0.5083333074423331, 0.3140769326916487, 0.16931359199986196, 0.9241028852406339, 0.5475847226359306], ""heat_off"": 274.918886888766, ""load_start"": 0.0, ""times"": null, ""currents"": null}",6891.678407561041
af50916ddfd88962,infeasible,voltage,76.36537949773076,76.77578165961347,,success,voltage,6577.899411574118,14.032736839639428,12.21455179998884,1374,3.211858303175112e-12,1.4152474541544702e-15,,0.3223476580216647,0.002101665229801269,34.28181188755826,q3_coheat_710ae5e1a38e9276080f,True,af50916ddfd88962,904567fd11d251fb,90,1794.314846406112,"{""kind"": ""fixed"", ""params"": [0.1], ""powers"": [0.6915174134210351, 0.9869668786044211, 0.1854061678527365, 0.7871953044472676, 0.7759842149749102], ""heat_off"": 242.08262793885567, ""load_start"": 0.0, ""times"": null, ""currents"": null}",6542.737488363413
af50916ddfd88962,infeasible,voltage,79.48173187668861,86.25299097406739,,success,voltage,5869.265651289682,16.875899711283814,17.413851899967995,1829,1.484466800760293e-11,5.66098981661788e-16,,0.4795227665810691,0.003495315982391744,29.855589686986207,q3_coheat_f5ed3654341130389cdb,True,af50916ddfd88962,904567fd11d251fb,91,1794.314846406112,"{""kind"": ""fixed"", ""params"": [0.1], ""powers"": [0.7729028166609224, 0.7215258546898524, 0.4956368078705996, 0.3092272182698529, 0.4225911861893401], ""heat_off"": 262.6774563032713, ""load_start"": 0.0, ""times"": null, ""currents"": null}",5408.501126055165
af50916ddfd88962,feasible,success,254.88115894743012,254.88115894743012,48.75417303028423,success,passed,2946.0094848633694,67.46436097092328,22.545120999973733,2609,1.0372851248005373e-12,1.5567721995699172e-15,,0.5543536632591611,0.03868938404555026,18.46937313289402,q3_coheat_55a5131ffa308f9d0ef4,True,af50916ddfd88962,904567fd11d251fb,92,1794.314846406112,"{""kind"": ""fixed"", ""params"": [0.1], ""powers"": [0.6546397937638293, 0.15417255854621637, 0.3948103779451291, 0.8244377924906561, 0.38897112952616597], ""heat_off"": 48.75417303028423, ""load_start"": 0.0, ""times"": null, ""currents"": null}",2946.00948486337
af50916ddfd88962,feasible,success,158.2092382277859,158.2092382277859,74.32636293667922,success,passed,5264.742953349869,38.4627726147405,18.473490300006233,2039,2.0998408793655674e-12,1.981346435816258e-15,,0.49449821697117785,0.008458238170398641,30.265662504569434,q3_coheat_56ce273dc5c9922b9f6b,True,af50916ddfd88962,904567fd11d251fb,93,1794.314846406112,"{""kind"": ""fixed"", ""params"": [0.1], ""powers"": [0.6679723281484208, 0.48566525668259397, 0.8148630640765547, 0.1752051185888105, 0.6896054536298621], ""heat_off"": 74.32636293667922, ""load_start"": 0.0, ""times"": null, ""currents"": null}",5264.742953349869
af50916ddfd88962,infeasible,voltage,88.69128031677819,95.16280161766521,,success,voltage,6016.027791018594,19.548883143045046,17.76851500000339,1884,1.6524882535003555e-12,9.90673217908129e-16,,0.4626619412280647,0.008775288400431087,30.112304903541144,q3_coheat_d20507c775f0bbc284e8,True,af50916ddfd88962,904567fd11d251fb,94,1794.314846406112,"{""kind"": ""fixed"", ""params"": [0.1], ""powers"": [0.7035332187593835, 0.4542556472916758, 0.6329513307124789, 0.36664152216132107, 0.3713491249564248], ""heat_off"": 170.80440730254597, ""load_start"": 0.0, ""times"": null, ""currents"": null}",5606.909403008898
af50916ddfd88962,feasible,success,188.36961428216904,188.36961428216904,93.2555071323537,success,passed,5181.5435059630345,47.510894587677605,22.815708399983123,2403,4.12508418686395e-12,1.132197963323576e-15,,0.5318905189608369,0.027140687566464653,30.672264843811433,q3_coheat_a7d4fa29ffb8a528340e,True,af50916ddfd88962,904567fd11d251fb,95,1794.314846406112,"{""kind"": ""fixed"", ""params"": [0.1], ""powers"": [0.2054530748795378, 0.43869073881676524, 0.6146906801945079, 0.2472863385631608, 0.7163939188128199], ""heat_off"": 93.2555071323537, ""load_start"": 0.0, ""times"": null, ""currents"": null}",5181.5435059630345
af50916ddfd88962,infeasible,voltage,,68.07742082475004,,voltage,voltage,6449.022719130738,11.423226247425477,3.9508618999971077,555,2.401038122683362e-14,5.66098981661788e-16,,0.2999999990000006,4.343428189646758e-20,35.38027561245616,q3_coheat_7888744fc4ccbe17a57f,True,af50916ddfd88962,904567fd11d251fb,96,1794.314846406112,"{""kind"": ""fixed"", ""params"": [0.1], ""powers"": [0.8976431259601529, 0.7355924870168127, 0.7576549638269944, 0.5092321033585223, 0.889105901650154], ""heat_off"": 112.41232818615748, ""load_start"": 0.0, ""times"": null, ""currents"": null}",
af50916ddfd88962,infeasible,voltage,,63.601746321288225,,voltage,voltage,6164.065630073914,10.080523896386932,3.9436472000088543,532,4.229892796947508e-14,9.90673217908129e-16,,0.29999999900000035,8.419793345660631e-19,36.16159461820007,q3_coheat_b2ff490f2e92501fccd5,True,af50916ddfd88962,904567fd11d251fb,97,1794.314846406112,"{""kind"": ""fixed"", ""params"": [0.1], ""powers"": [0.8782393846444304, 0.8551769365798252, 0.7822042293697513, 0.5177023031020135, 0.8433415378354638], ""heat_off"": 188.33278947832943, ""load_start"": 0.0, ""times"": null, ""currents"": null}",
af50916ddfd88962,infeasible,voltage,,81.2967249562595,,voltage,voltage,5600.88366869438,15.38903539266935,20.590984499955084,2155,1.948174211006101e-12,5.66098981661788e-16,,0.2999999990000003,0.015170472777935609,38.56899026136955,q3_coheat_dfae4cb3b02960e88a4c,True,af50916ddfd88962,904567fd11d251fb,98,1794.314846406112,"{""kind"": ""fixed"", ""params"": [0.1], ""powers"": [0.39198241279836876, 0.4225366879038396, 0.9955246061538404, 0.6507068205852368, 0.2950228062119268], ""heat_off"": 145.78256279384877, ""load_start"": 0.0, ""times"": null, ""currents"": null}",
af50916ddfd88962,infeasible,voltage,,69.3426197616782,,voltage,voltage,5406.5045906693795,11.80278943680322,13.122225800005253,1429,1.1094536739287036e-11,8.491484724926821e-16,,0.29999999900000024,0.012305959859803055,42.16918968680801,q3_coheat_708b441d50780ea12fd2,True,af50916ddfd88962,904567fd11d251fb,99,1794.314846406112,"{""kind"": ""fixed"", ""params"": [0.1], ""powers"": [0.287357351816615, 0.7998754597691606, 0.9111623861201849, 0.8446321657708742, 0.2756921825980224], ""heat_off"": 252.20901444196883, ""load_start"": 0.0, ""times"": null, ""currents"": null}",
af50916ddfd88962,infeasible,voltage,,105.76375767791724,,voltage,voltage,6636.570839692693,22.72916414198564,20.62972379999701,2271,4.530144640466781e-12,7.076237270772351e-16,,0.2999999989999996,0.02258158120735302,35.335057972026505,q3_coheat_400488cc1deb6af41c1b,True,af50916ddfd88962,904567fd11d251fb,100,1794.314846406112,"{""kind"": ""fixed"", ""params"": [0.1], ""powers"": [0.34675819224966653, 0.23794744099603402, 0.8361828766150862, 0.27260772002558376, 0.8164640761397286], ""heat_off"": 273.1804126045482, ""load_start"": 0.0, ""times"": null, ""currents"": null}",
af50916ddfd88962,infeasible,voltage,,117.51437651573349,,voltage,voltage,5335.572951859451,26.254347515544982,31.007280099962372,3031,4.228401369650595e-12,1.6982969449853642e-15,,0.2999999990000003,0.0262099379888859,34.19202103345128,q3_coheat_725b2dead75721e70b81,True,af50916ddfd88962,904567fd11d251fb,101,1794.314846406112,"{""kind"": ""fixed"", ""params"": [0.1], ""powers"": [0.113064528187209, 0.7085847983224018, 0.48477278197111096, 0.26005638812196963, 0.2496645524633536], ""heat_off"": 138.82649941546995, ""load_start"": 0.0, ""times"": null, ""currents"": null}",
af50916ddfd88962,infeasible,voltage,,99.73235840904816,,voltage,voltage,6293.229484414056,20.919720071443347,21.198191299976315,2166,5.975717475148351e-12,1.2737227087390232e-15,,0.29999999899999996,0.015744568791808907,33.57345036162155,q3_coheat_01d211e2b27db65c82ec,True,af50916ddfd88962,904567fd11d251fb,102,1794.314846406112,"{""kind"": ""fixed"", ""params"": [0.1], ""powers"": [0.36321571333670954, 0.8290330011585609, 0.2970608510327522, 0.3503181396755146, 0.6844194886279696], ""heat_off"": 120.29686467522143, ""load_start"": 0.0, ""times"": null, ""currents"": null}",
af50916ddfd88962,infeasible,voltage,90.01247109617798,95.61199410994348,,success,voltage,7092.758942883756,19.68359855103203,16.802733000018634,1770,1.811802800429463e-12,7.076237270772351e-16,,0.45442599090873004,0.009416454686108956,30.41328138719598,q3_coheat_08c6830034855c221aa8,True,af50916ddfd88962,904567fd11d251fb,103,1794.314846406112,"{""kind"": ""fixed"", ""params"": [0.1], ""powers"": [0.8045343281894023, 0.19958406764439549, 0.4457347017676153, 0.8653168044915421, 0.6521393811875158], ""heat_off"": 222.71062081798212, ""load_start"": 0.0, ""times"": null, ""currents"": null}",6677.371027366531
af50916ddfd88962,infeasible,voltage,,81.07707050825073,,voltage,voltage,6496.330663522052,15.323135015021435,19.624218299984932,1946,7.468809351118436e-12,7.076237270772351e-16,,0.2999999989999998,0.014068006171562859,39.134539971766856,q3_coheat_68e59c9882817a32a1d9,True,af50916ddfd88962,904567fd11d251fb,104,1794.314846406112,"{""kind"": ""fixed"", ""params"": [0.1], ""powers"": [0.3798206931755783, 0.6016997125929732, 0.7964457844855829, 0.586875051716883, 0.8401737507011574], ""heat_off"": 162.1970365827374, ""load_start"": 0.0, ""times"": null, ""currents"": null}",
af50916ddfd88962,infeasible,voltage,,122.86205868553394,,voltage,voltage,6928.913545750563,27.858651676017068,24.308234099997208,2305,5.393221321324205e-12,1.0964008453897473e-15,,0.29999999899999924,0.025727142229760167,33.14734015966343,q3_coheat_6b55bb8f5bb6525c2049,True,af50916ddfd88962,904567fd11d251fb,105,1794.314846406112,"{""kind"": ""fixed"", ""params"": [0.1], ""powers"": [0.3287207365536168, 0.3281133535386032, 0.2729066072779526, 0.7129162509107048, 0.613178130467123], ""heat_off"": 266.09812512395126, ""load_start"": 0.0, ""times"": null, ""currents"": null}",
af50916ddfd88962,infeasible,voltage,,98.43216820655846,,voltage,voltage,5490.913176788621,20.52967130738085,23.206356499984395,2219,1.2674319966496168e-11,7.076237270772351e-16,,0.29999999899999974,0.017993320630200243,35.52682284231264,q3_coheat_06becdc8a073c0a4561e,True,af50916ddfd88962,904567fd11d251fb,106,1794.314846406112,"{""kind"": ""fixed"", ""params"": [0.1], ""powers"": [0.3932998994647723, 0.35836549804207063, 0.9034971587265318, 0.4023685416332975, 0.17381797300461269], ""heat_off"": 163.15592724840593, ""load_start"": 0.0, ""times"": null, ""currents"": null}",
af50916ddfd88962,infeasible,voltage,86.95584493216165,108.41716160306821,,success,voltage,7284.200910651177,23.525230409861116,20.677697900042403,1971,7.023207776930297e-13,1.4152474541544702e-15,,0.5632409036763092,0.006757354551451299,22.936056630413418,q3_coheat_c3b50373507df731fd64,True,af50916ddfd88962,904567fd11d251fb,107,1794.314846406112,"{""kind"": ""fixed"", ""params"": [0.1], ""powers"": [0.9409276644050011, 0.2318711949469922, 0.160485957242042, 0.9508143157519297, 0.4033724092240861], ""heat_off"": 249.1011762611493, ""load_start"": 0.0, ""times"": null, ""currents"": null}",5842.283965709067
af50916ddfd88962,infeasible,voltage,,83.26738928843065,,voltage,voltage,5932.441511810003,15.980221398636916,17.44438619998982,1720,6.358397047910461e-12,1.6982969449853642e-15,,0.29999999899999985,0.007574810248617051,34.60645529515983,q3_coheat_847e64f9890b9d644d0f,True,af50916ddfd88962,904567fd11d251fb,108,1794.314846406112,"{""kind"": ""fixed"", ""params"": [0.1], ""powers"": [0.6302076795496785, 0.6569554884407393, 0.60475571471311, 0.5505096946778901, 0.40739849778266124], ""heat_off"": 281.3511235546803, ""load_start"": 0.0, ""times"": null, ""currents"": null}",
af50916ddfd88962,feasible,success,264.11691011800247,264.11691011800247,55.27663645650766,success,passed,2348.967191574153,70.23509383174061,43.08111359999748,4090,8.318752898847094e-13,7.076237270772351e-16,,0.565822586201667,0.034758873524281676,14.52163267132562,q3_coheat_84446e74d31da9368dd4,True,af50916ddfd88962,904567fd11d251fb,109,1794.314846406112,"{""kind"": ""fixed"", ""params"": [0.1], ""powers"": [0.779085882776301, 0.24640557790643053, 0.28526435619069407, 0.2880022527055007, 0.10103217972276654], ""heat_off"": 55.27663645650766, ""load_start"": 0.0, ""times"": null, ""currents"": null}",2348.967191574153
af50916ddfd88962,feasible,success,145.91187709903724,145.91187709903724,94.90217819733184,success,passed,6443.6362414098185,34.77357019039768,24.182045299967285,2357,3.971431695260518e-12,9.90673217908129e-16,,0.46561144206468824,0.01730074697354961,30.000769825135706,q3_coheat_202aea7246d2b4079df5,True,af50916ddfd88962,904567fd11d251fb,110,1794.314846406112,"{""kind"": ""fixed"", ""params"": [0.1], ""powers"": [0.5288562075597302, 0.2796680885860373, 0.5416253422495141, 0.45675041193072186, 0.9090065237091917], ""heat_off"": 94.90217819733184, ""load_start"": 0.0, ""times"": null, ""currents"": null}",6443.6362414098185
af50916ddfd88962,feasible,success,272.7654014383948,272.7654014383948,29.707775614536153,success,passed,2360.7863450686955,72.82963102870963,45.03014069999335,4423,2.856207131738316e-12,9.90673217908129e-16,,0.5505072319948017,0.04098896633493336,18.64025602806356,q3_coheat_bca35d6110b151acdea1,True,af50916ddfd88962,904567fd11d251fb,111,1794.314846406112,"{""kind"": ""fixed"", ""params"": [0.1], ""powers"": [0.7894175813478413, 0.6892923894941777, 0.8533896966663779, 0.34639566644670183, 0.5001827006447751], ""heat_off"": 29.707775614536153, ""load_start"": 0.0, ""times"": null, ""currents"": null}",2360.7863450686955
af50916ddfd88962,infeasible,voltage,,86.84937024132356,,voltage,voltage,5655.933645168041,17.054816271186127,20.047095699992497,1796,3.707171280407585e-12,4.2457423624634106e-16,,0.2999999989999999,0.010589344216530348,34.79125231825367,q3_coheat_43aa2a5b0f822a168f85,True,af50916ddfd88962,904567fd11d251fb,112,1794.314846406112,"{""kind"": ""fixed"", ""params"": [0.1], ""powers"": [0.5007876905743096, 0.7740290407742415, 0.4372516010531685, 0.6532676856564996, 0.2396033750321597], ""heat_off"": 106.50180227481206, ""load_start"": 0.0, ""times"": null, ""currents"": null}",
af50916ddfd88962,unresolved,horizon,,300.0,22.515659902688043,horizon,unresolved,1738.0256966493923,81.00003317100649,95.44273889996111,8476,2.9022730459571677e-12,1.132197963323576e-15,,0.5254328861114468,0.0638252402844861,11.705361594207517,q3_refine_coheat_65c178866abddeb2a703,True,af50916ddfd88962,904567fd11d251fb,113,1794.314846406112,"{""kind"": ""fixed"", ""params"": [0.1], ""powers"": [0.5799053583034554, 0.8766307084907017, 0.1153965834794285, 0.7752221642493385, 0.7405196381221832], ""heat_off"": 22.515659902688043, ""load_start"": 0.0, ""times"": null, ""currents"": null}",
af50916ddfd88962,feasible,success,296.6670005716014,296.6670005716014,22.515659902688043,success,passed,1850.6039961628323,80.00011663524133,78.06302200001664,7173,7.33898883872678e-12,1.2737227087390232e-15,,0.5310415806759098,0.05749468407152751,11.605141285092486,q3_refine_coheat_c03abbbe5cd6094f4ff7,True,af50916ddfd88962,904567fd11d251fb,114,1794.314846406112,"{""kind"": ""fixed"", ""params"": [0.1], ""powers"": [0.7799053583034553, 0.8766307084907017, 0.1153965834794285, 0.7752221642493385, 0.7405196381221832], ""heat_off"": 22.515659902688043, ""load_start"": 0.0, ""times"": null, ""currents"": null}",1850.6039961628326
af50916ddfd88962,unresolved,horizon,,300.0,22.515659902688043,horizon,unresolved,1738.0256966493923,81.00002346070272,97.00824840000132,8531,3.647900358468777e-12,1.4152474541544702e-15,,0.5260931704898576,0.06311127830622924,10.55183665598932,q3_refine_coheat_c20a4adef41ee9ea08ca,True,af50916ddfd88962,904567fd11d251fb,115,1794.314846406112,"{""kind"": ""fixed"", ""params"": [0.1], ""powers"": [0.6799053583034553, 0.7766307084907017, 0.1153965834794285, 0.7752221642493385, 0.7405196381221832], ""heat_off"": 22.515659902688043, ""load_start"": 0.0, ""times"": null, ""currents"": null}",
af50916ddfd88962,feasible,success,296.8805846248258,296.8805846248258,22.515659902688043,success,passed,1850.6039961628323,80.06418815318645,81.21608959999867,7356,3.411147855184162e-12,5.66098981661788e-16,,0.5304069051486435,0.05816776929560698,12.39244549693177,q3_refine_coheat_89d4c06e01534a235c07,True,af50916ddfd88962,904567fd11d251fb,116,1794.314846406112,"{""kind"": ""fixed"", ""params"": [0.1], ""powers"": [0.6799053583034553, 0.9766307084907017, 0.1153965834794285, 0.7752221642493385, 0.7405196381221832], ""heat_off"": 22.515659902688043, ""load_start"": 0.0, ""times"": null, ""currents"": null}",1850.6039961628326
af50916ddfd88962,unresolved,horizon,,300.0,22.515659902688043,horizon,unresolved,1738.0256966493926,81.00000987690143,103.23799210001016,8976,4.393803359508276e-12,2.4059206720625992e-15,,0.5268517182601493,0.06235276312476793,10.879692282440857,q3_refine_coheat_526a7ffbd65fb0d0148d,True,af50916ddfd88962,904567fd11d251fb,117,1794.314846406112,"{""kind"": ""fixed"", ""params"": [0.1], ""powers"": [0.6799053583034553, 0.8766307084907017, 0.015396583479428488, 0.7752221642493385, 0.7405196381221832], ""heat_off"": 22.515659902688043, ""load_start"": 0.0, ""times"": null, ""currents"": null}",
af50916ddfd88962,feasible,success,297.1224204403155,297.1224204403155,22.515659902688043,success,passed,1850.6039961628328,80.13673716423753,84.45315860002302,7547,7.629972394481783e-12,1.981346435816258e-15,,0.5296606449423434,0.05890257166976439,12.381269631347777,q3_refine_coheat_22ea9dbb8f6280f25933,True,af50916ddfd88962,904567fd11d251fb,118,1794.314846406112,"{""kind"": ""fixed"", ""params"": [0.1], ""powers"": [0.6799053583034553, 0.8766307084907017, 0.2153965834794285, 0.7752221642493385, 0.7405196381221832], ""heat_off"": 22.515659902688043, ""load_start"": 0.0, ""times"": null, ""currents"": null}",1850.6039961628328
af50916ddfd88962,unresolved,horizon,,300.0,22.515659902688043,horizon,unresolved,1738.0256966493923,81.0000118620349,94.8682043000008,8477,9.79100538724129e-12,2.8304949083089404e-15,,0.5275363261443017,0.06168022509745368,11.083895651693467,q3_refine_coheat_c891db5375c97f58051c,True,af50916ddfd88962,904567fd11d251fb,119,1794.314846406112,"{""kind"": ""fixed"", ""params"": [0.1], ""powers"": [0.6799053583034553, 0.8766307084907017, 0.1153965834794285, 0.6752221642493386, 0.7405196381221832], ""heat_off"": 22.515659902688043, ""load_start"": 0.0, ""times"": null, ""currents"": null}",
af50916ddfd88962,feasible,success,297.39510997059915,297.39510997059915,22.515659902688043,success,passed,1850.6039961628326,80.21854987786496,75.76335230004042,6930,5.908314126645253e-12,1.4152474541544702e-15,,0.5289803248590333,0.059569161107164176,11.759302478835366,q3_refine_coheat_2fa5fb1108d96d01027f,True,af50916ddfd88962,904567fd11d251fb,120,1794.314846406112,"{""kind"": ""fixed"", ""params"": [0.1], ""powers"": [0.6799053583034553, 0.8766307084907017, 0.1153965834794285, 0.8752221642493385, 0.7405196381221832], ""heat_off"": 22.515659902688043, ""load_start"": 0.0, ""times"": null, ""currents"": null}",1850.6039961628326
af50916ddfd88962,unresolved,horizon,,300.0,22.515659902688043,horizon,unresolved,1738.0256966493926,81.00002484211124,81.52427400002489,7909,6.5697570030278154e-12,1.4152474541544702e-15,,0.5280883167490026,0.061112014362407596,11.360210484198689,q3_refine_coheat_bce6288f8d90e7da66da,True,af50916ddfd88962,904567fd11d251fb,121,1794.314846406112,"{""kind"": ""fixed"", ""params"": [0.1], ""powers"": [0.6799053583034553, 0.8766307084907017, 0.1153965834794285, 0.7752221642493385, 0.6405196381221833], ""heat_off"": 22.515659902688043, ""load_start"": 0.0, ""times"": null, ""currents"": null}",
af50916ddfd88962,feasible,success,297.71113416755367,297.71113416755367,22.515659902688043,success,passed,1850.6039961628326,80.31336756200271,67.90019309998024,6755,8.277409092126806e-12,1.2737227087390232e-15,,0.5284288387752012,0.06014015043388215,11.44890779813602,q3_refine_coheat_bb74473d4df0325a7fa5,True,af50916ddfd88962,904567fd11d251fb,122,1794.314846406112,"{""kind"": ""fixed"", ""params"": [0.1], ""powers"": [0.6799053583034553, 0.8766307084907017, 0.1153965834794285, 0.7752221642493385, 0.8405196381221832], ""heat_off"": 22.515659902688043, ""load_start"": 0.0, ""times"": null, ""currents"": null}",1850.6039961628328
af50916ddfd88962,unresolved,horizon,,300.0,2.515659902688043,horizon,unresolved,200.4776200835588,81.00001058443169,80.58828809997067,7754,1.1382988308947027e-12,8.491484724926821e-16,,0.48082882119990156,0.1214931814681965,6.669910595069894,q3_refine_coheat_9f664fb238ac68926d9e,True,af50916ddfd88962,904567fd11d251fb,123,1794.314846406112,"{""kind"": ""fixed"", ""params"": [0.1], ""powers"": [0.6799053583034553, 0.8766307084907017, 0.1153965834794285, 0.7752221642493385, 0.7405196381221832], ""heat_off"": 2.515659902688043, ""load_start"": 0.0, ""times"": null, ""currents"": null}",
af50916ddfd88962,feasible,success,237.17774307844908,237.17774307844908,42.51565990268804,success,passed,3388.152072728666,62.15332435967689,27.799122800002806,2734,7.061351664861365e-14,2.1228711812317052e-15,,0.5564924516939739,0.027398081151627576,19.898710262739883,q3_refine_coheat_da94a89f69f7409e8f36,True,af50916ddfd88962,904567fd11d251fb,124,1794.314846406112,"{""kind"": ""fixed"", ""params"": [0.1], ""powers"": [0.6799053583034553, 0.8766307084907017, 0.1153965834794285, 0.7752221642493385, 0.7405196381221832], ""heat_off"": 42.51565990268804, ""load_start"": 0.0, ""times"": null, ""currents"": null}",3388.1520727286656
af50916ddfd88962,unresolved,horizon,,300.0,22.515659902688043,horizon,unresolved,1771.7991865034244,81.00001297106151,90.36554500000784,8080,4.794437914323532e-12,1.4152474541544702e-15,,0.5271342593162877,0.06189662468476599,11.524421108639416,q3_refine_coheat_b74b3d9b446b98197de0,True,af50916ddfd88962,904567fd11d251fb,125,1794.314846406112,"{""kind"": ""fixed"", ""params"": [0.1], ""powers"": [0.6399053583034553, 0.8766307084907017, 0.1153965834794285, 0.7752221642493385, 0.7405196381221832], ""heat_off"": 22.515659902688043, ""load_start"": 0.0, ""times"": null, ""currents"": null}",
af50916ddfd88962,feasible,success,298.23373788611804,298.23373788611804,22.515659902688043,success,passed,1816.8305063088008,80.4701249864626,79.1385024000192,6952,8.347111377412013e-12,1.981346435816258e-15,,0.5293768346386857,0.05936058727485806,11.3456490320755,q3_refine_coheat_d250caa1c68def09ff6f,True,af50916ddfd88962,904567fd11d251fb,126,1794.314846406112,"{""kind"": ""fixed"", ""params"": [0.1], ""powers"": [0.7199053583034554, 0.8766307084907017, 0.1153965834794285, 0.7752221642493385, 0.7405196381221832], ""heat_off"": 22.515659902688043, ""load_start"": 0.0, ""times"": null, ""currents"": null}",1816.8305063088005
af50916ddfd88962,unresolved,horizon,,300.0,22.515659902688043,horizon,unresolved,1771.7991865034244,81.00001238729797,83.00040869996883,7623,5.703232934277882e-12,2.1228711812317052e-15,,0.5273964203683064,0.06161677960061434,11.028648823072075,q3_refine_coheat_795ad3abbbb7f2075e1d,True,af50916ddfd88962,904567fd11d251fb,127,1794.314846406112,"{""kind"": ""fixed"", ""params"": [0.1], ""powers"": [0.6799053583034553, 0.8366307084907016, 0.1153965834794285, 0.7752221642493385, 0.7405196381221832], ""heat_off"": 22.515659902688043, ""load_start"": 0.0, ""times"": null, ""currents"": null}",
af50916ddfd88962,feasible,success,298.3169929965469,298.3169929965469,22.515659902688043,success,passed,1816.8305063088008,80.49510407785748,81.34218790003797,7029,5.136909836166155e-12,2.1228711812317052e-15,,0.5291195926892086,0.05963378834253473,11.79909989606898,q3_refine_coheat_7562ea752f34e55b3e8c,True,af50916ddfd88962,904567fd11d251fb,128,1794.314846406112,"{""kind"": ""fixed"", ""params"": [0.1], ""powers"": [0.6799053583034553, 0.9166307084907017, 0.1153965834794285, 0.7752221642493385, 0.7405196381221832], ""heat_off"": 22.515659902688043, ""load_start"": 0.0, ""times"": null, ""currents"": null}",1816.8305063088005
af50916ddfd88962,unresolved,horizon,,300.0,22.515659902688043,horizon,unresolved,1771.7991865034244,81.00001448188873,94.44674380001379,8109,3.17666203662091e-12,9.90673217908129e-16,,0.5276966595763825,0.06131542462559154,11.055521564905547,q3_refine_coheat_ff327f040d1ca790b313,True,af50916ddfd88962,904567fd11d251fb,129,1794.314846406112,"{""kind"": ""fixed"", ""params"": [0.1], ""powers"": [0.6799053583034553, 0.8766307084907017, 0.07539658347942849, 0.7752221642493385, 0.7405196381221832], ""heat_off"": 22.515659902688043, ""load_start"": 0.0, ""times"": null, ""currents"": null}",
af50916ddfd88962,feasible,success,298.4113652616064,298.4113652616064,22.515659902688043,success,passed,1816.8305063088005,80.52343095100726,76.47562350000953,7007,2.1124722119837434e-12,9.90673217908129e-16,,0.5288206037416766,0.05993126426381229,11.794933765302119,q3_refine_coheat_7123be688ba1c270f5a8,True,af50916ddfd88962,904567fd11d251fb,130,1794.314846406112,"{""kind"": ""fixed"", ""params"": [0.1], ""powers"": [0.6799053583034553, 0.8766307084907017, 0.1553965834794285, 0.7752221642493385, 0.7405196381221832], ""heat_off"": 22.515659902688043, ""load_start"": 0.0, ""times"": null, ""currents"": null}",1816.8305063088005
af50916ddfd88962,unresolved,horizon,,300.0,22.515659902688043,horizon,unresolved,1771.7991865034244,81.00001527568826,84.85318279999774,7542,7.001243817232032e-12,1.8398216904008112e-15,,0.5279700562249303,0.0610463578087788,11.263462621867859,q3_refine_coheat_35f3dacab2c617a2d07d,True,af50916ddfd88962,904567fd11d251fb,131,1794.314846406112,"{""kind"": ""fixed"", ""params"": [0.1], ""powers"": [0.6799053583034553, 0.8766307084907017, 0.1153965834794285, 0.7352221642493385, 0.7405196381221832], ""heat_off"": 22.515659902688043, ""load_start"": 0.0, ""times"": null, ""currents"": null}",
af50916ddfd88962,feasible,success,298.5177817900261,298.5177817900261,22.515659902688043,success,passed,1816.8305063088005,80.55534146958105,78.74018099997193,7098,4.063891461088068e-12,2.264395926647152e-15,,0.5285480771135183,0.06019998907321118,11.545782566239694,q3_refine_coheat_c83a5a1bb72d917eaa22,True,af50916ddfd88962,904567fd11d251fb,132,1794.314846406112,"{""kind"": ""fixed"", ""params"": [0.1], ""powers"": [0.6799053583034553, 0.8766307084907017, 0.1153965834794285, 0.8152221642493386, 0.7405196381221832], ""heat_off"": 22.515659902688043, ""load_start"": 0.0, ""times"": null, ""currents"": null}",1816.8305063088005
af50916ddfd88962,feasible,success,299.9069145636609,299.9069145636609,22.515659902688043,success,passed,1771.7991865034244,80.97208007874666,75.21776829997543,7735,6.0362326107753546e-12,2.6889701628934932e-15,,0.5281903758998574,0.06081869308702897,11.386790605500835,q3_refine_coheat_1e89c91d347fd9589474,True,af50916ddfd88962,904567fd11d251fb,133,1771.7991865034244,"{""kind"": ""fixed"", ""params"": [0.1], ""powers"": [0.6799053583034553, 0.8766307084907017, 0.1153965834794285, 0.7752221642493385, 0.7005196381221832], ""heat_off"": 22.515659902688043, ""load_start"": 0.0, ""times"": null, ""currents"": null}",1771.7991865034244
af50916ddfd88962,feasible,success,298.64248118551586,298.64248118551586,22.515659902688043,success,passed,1816.8305063088005,80.59276489699585,75.41954190004617,7816,3.5748277176793303e-12,3.3965938899707285e-15,,0.5283272911240514,0.060429279898125104,11.42228603282129,q3_refine_coheat_1490bc1eb3fc703023f4,True,af50916ddfd88962,904567fd11d251fb,134,1771.7991865034244,"{""kind"": ""fixed"", ""params"": [0.1], ""powers"": [0.6799053583034553, 0.8766307084907017, 0.1153965834794285, 0.7752221642493385, 0.7805196381221833], ""heat_off"": 22.515659902688043, ""load_start"": 0.0, ""times"": null, ""currents"": null}",1816.8305063088005
af50916ddfd88962,unresolved,horizon,,300.0,14.515659902688043,horizon,unresolved,1156.7799558770912,81.0000038502869,82.17913959996076,8122,6.7022615426005974e-12,1.2737227087390232e-15,,0.510923708027688,0.08186608636042393,8.043964065783285,q3_refine_coheat_0c4794c959851d9a4003,True,af50916ddfd88962,904567fd11d251fb,135,1771.7991865034244,"{""kind"": ""fixed"", ""params"": [0.1], ""powers"": [0.6799053583034553, 0.8766307084907017, 0.1153965834794285, 0.7752221642493385, 0.7405196381221832], ""heat_off"": 14.515659902688043, ""load_start"": 0.0, ""times"": null, ""currents"": null}",
af50916ddfd88962,feasible,success,275.1153297206347,275.1153297206347,30.515659902688043,success,passed,2431.8497369351335,73.53460303278993,42.29326529998798,4450,1.374788900959391e-11,8.491484724926821e-16,,0.5448555879520437,0.04465601632105091,15.052055854692611,q3_refine_coheat_03b5f1f06a89cabc9e68,True,af50916ddfd88962,904567fd11d251fb,136,1771.7991865034244,"{""kind"": ""fixed"", ""params"": [0.1], ""powers"": [0.6799053583034553, 0.8766307084907017, 0.1153965834794285, 0.7752221642493385, 0.7405196381221832], ""heat_off"": 30.515659902688043, ""load_start"": 0.0, ""times"": null, ""currents"": null}",2431.8497369351335
af50916ddfd88962,feasible,success,296.3757603235404,296.3757603235404,26.730722572437625,success,passed,1769.8826760226636,79.91273668384558,76.54982640000526,6498,3.234898905058555e-12,1.8398216904008112e-15,,0.5375592690800008,0.05221905112794944,16.992538491335807,q3_refine_coheat_62282cea88311e062d9c,True,af50916ddfd88962,904567fd11d251fb,137,1769.8826760226636,"{""kind"": ""fixed"", ""params"": [0.1], ""powers"": [0.6269209601959593, 0.9739723770341916, 0.47440428891704145, 0.1088291050339035, 0.4643354212750621], ""heat_off"": 26.730722572437625, ""load_start"": 0.0, ""times"": null, ""currents"": null}",1769.8826760226636
af50916ddfd88962,feasible,success,289.75452684952666,289.75452684952666,26.730722572437625,success,passed,1903.536288884851,77.92637074087634,59.34440280002309,5610,3.722528121574325e-12,1.132197963323576e-15,,0.5439909123183666,0.047138764675672504,18.014167270189716,q3_refine_coheat_7c921e15f9d1a930d443,True,af50916ddfd88962,904567fd11d251fb,138,1769.8826760226636,"{""kind"": ""fixed"", ""params"": [0.1], ""powers"": [0.8269209601959593, 0.9739723770341916, 0.47440428891704145, 0.1088291050339035, 0.4643354212750621], ""heat_off"": 26.730722572437625, ""load_start"": 0.0, ""times"": null, ""currents"": null}",1903.536288884851
af50916ddfd88962,feasible,success,296.10081044652134,296.10081044652134,26.730722572437625,success,passed,1769.8826760226639,79.83024597836133,76.34455089998664,6516,8.192622391464216e-13,7.076237270772351e-16,,0.5383029465755366,0.051576840300611576,16.234357775166075,q3_refine_coheat_dbff4c53a193bad97f1a,True,af50916ddfd88962,904567fd11d251fb,139,1769.8826760226636,"{""kind"": ""fixed"", ""params"": [0.1], ""powers"": [0.7269209601959593, 0.8739723770341916, 0.47440428891704145, 0.1088291050339035, 0.4643354212750621], ""heat_off"": 26.730722572437625, ""load_start"": 0.0, ""times"": null, ""currents"": null}",1769.8826760226643
af50916ddfd88962,feasible,success,292.3104534736236,292.3104534736236,26.730722572437625,success,passed,1854.1029116717336,78.6931371150664,61.731629199988674,5547,1.6234556208897677e-12,1.132197963323576e-15,,0.5414538642185648,0.04917204635227099,17.83348713800575,q3_refine_coheat_761c418c24d3ecf968a8,True,af50916ddfd88962,904567fd11d251fb,140,1769.8826760226636,"{""kind"": ""fixed"", ""params"": [0.1], ""powers"": [0.7269209601959593, 1.0, 0.47440428891704145, 0.1088291050339035, 0.4643354212750621], ""heat_off"": 26.730722572437625, ""load_start"": 0.0, ""times"": null, ""currents"": null}",1854.1029116717343
af50916ddfd88962,feasible,success,295.776428889462,295.776428889462,26.730722572437625,success,passed,1769.8826760226639,79.73293166231889,69.91014819999691,6148,2.7127143751894496e-12,1.8398216904008112e-15,,0.5391827655764654,0.052187917489781854,16.776995512800482,q3_refine_coheat_3534d6c82d8478a49532,True,af50916ddfd88962,904567fd11d251fb,141,1769.8826760226636,"{""kind"": ""fixed"", ""params"": [0.1], ""powers"": [0.7269209601959593, 0.9739723770341916, 0.3744042889170415, 0.1088291050339035, 0.4643354212750621], ""heat_off"": 26.730722572437625, ""load_start"": 0.0, ""times"": null, ""currents"": null}",1769.8826760226639
af50916ddfd88962,feasible,success,290.31570161874373,290.31570161874373,26.730722572437625,success,passed,1903.5362888848517,78.09471999782599,58.55803199997172,5411,4.952269658289525e-12,1.8398216904008112e-15,,0.5424181620647682,0.04833786041871998,18.23012284798878,q3_refine_coheat_bb2f3c4f4f5969f0ea82,True,af50916ddfd88962,904567fd11d251fb,142,1769.8826760226636,"{""kind"": ""fixed"", ""params"": [0.1], ""powers"": [0.7269209601959593, 0.9739723770341916, 0.5744042889170414, 0.1088291050339035, 0.4643354212750621], ""heat_off"": 26.730722572437625, ""load_start"": 0.0, ""times"": null, ""currents"": null}",1903.536288884852
af50916ddfd88962,feasible,success,295.4164107507769,295.4164107507769,26.730722572437625,success,passed,1769.8826760226639,79.6249357036947,69.88169510004809,6011,8.495488805354226e-13,7.076237270772351e-16,,0.5399793706203595,0.053304000988552785,18.182785230312305,q3_refine_coheat_21a9ef42aa167d0e9090,True,af50916ddfd88962,904567fd11d251fb,143,1769.8826760226636,"{""kind"": ""fixed"", ""params"": [0.1], ""powers"": [0.7269209601959593, 0.9739723770341916, 0.47440428891704145, 0.008829105033903495, 0.4643354212750621], ""heat_off"": 26.730722572437625, ""load_start"": 0.0, ""times"": null, ""currents"": null}",1769.8826760226636
af50916ddfd88962,feasible,success,290.68610925900674,290.68610925900674,26.730722572437625,success,passed,1903.5362888848517,78.20583712037804,61.94798709999304,5741,1.7235557218695549e-12,7.783860997849586e-16,,0.5416297102936898,0.048829032441381065,16.824293348271226,q3_refine_coheat_b151d4cd11eb90c6017e,True,af50916ddfd88962,904567fd11d251fb,144,1769.8826760226636,"{""kind"": ""fixed"", ""params"": [0.1], ""powers"": [0.7269209601959593, 0.9739723770341916, 0.47440428891704145, 0.2088291050339035, 0.4643354212750621], ""heat_off"": 26.730722572437625, ""load_start"": 0.0, ""times"": null, ""currents"": null}",1903.5362888848517
af50916ddfd88962,feasible,success,295.02132694775844,295.02132694775844,26.730722572437625,success,passed,1769.8826760226636,79.50640460819275,70.15487119997852,6183,3.723806173233422e-12,8.491484724926821e-16,,0.540614189721703,0.053004531448641666,17.907974327276605,q3_refine_coheat_3717c7bc076680fc1b30,True,af50916ddfd88962,904567fd11d251fb,145,1769.8826760226636,"{""kind"": ""fixed"", ""params"": [0.1], ""powers"": [0.7269209601959593, 0.9739723770341916, 0.47440428891704145, 0.1088291050339035, 0.36433542127506213], ""heat_off"": 26.730722572437625, ""load_start"": 0.0, ""times"": null, ""currents"": null}",1769.8826760226639
af50916ddfd88962,feasible,success,291.13535053755265,291.13535053755265,26.730722572437625,success,passed,1903.5362888848515,78.34061323338413,63.25744610000402,5640,4.774116874050833e-12,3.962692871632516e-15,,0.5409973517314014,0.04924235433041089,17.09972017406841,q3_refine_coheat_5faaff053e1ed08adca6,True,af50916ddfd88962,904567fd11d251fb,146,1769.8826760226636,"{""kind"": ""fixed"", ""params"": [0.1], ""powers"": [0.7269209601959593, 0.9739723770341916, 0.47440428891704145, 0.1088291050339035, 0.5643354212750621], ""heat_off"": 26.730722572437625, ""load_start"": 0.0, ""times"": null, ""currents"": null}",1903.5362888848515
af50916ddfd88962,unresolved,horizon,,300.0,6.7307225724376245,horizon,unresolved,462.478406225679,81.00001140304654,89.57140720001189,8409,2.8140028196245033e-12,9.90673217908129e-16,,0.493073829339501,0.11162875674435364,6.8299285572730355,q3_refine_coheat_fcff159339db7913b296,True,af50916ddfd88962,904567fd11d251fb,147,1769.8826760226636,"{""kind"": ""fixed"", ""params"": [0.1], ""powers"": [0.7269209601959593, 0.9739723770341916, 0.47440428891704145, 0.1088291050339035, 0.4643354212750621], ""heat_off"": 6.7307225724376245, ""load_start"": 0.0, ""times"": null, ""currents"": null}",
af50916ddfd88962,feasible,success,229.11217003629454,229.11217003629454,46.73072257243763,success,passed,3210.9405586818375,59.73365345686841,47.71322969999164,4114,6.504452853846227e-13,7.076237270772351e-16,,0.5521104178607164,0.018198742887640593,24.546170530240204,q3_refine_coheat_9246d77e6ea963975552,True,af50916ddfd88962,904567fd11d251fb,148,1769.8826760226636,"{""kind"": ""fixed"", ""params"": [0.1], ""powers"": [0.7269209601959593, 0.9739723770341916, 0.47440428891704145, 0.1088291050339035, 0.4643354212750621], ""heat_off"": 46.73072257243763, ""load_start"": 0.0, ""times"": null, ""currents"": null}",3210.9405586818375
af50916ddfd88962,feasible,success,296.3232551315084,296.3232551315084,26.730722572437625,success,passed,1743.1519534502258,79.89697855673313,55.74779429996852,6166,1.537883242716174e-12,9.90673217908129e-16,,0.539318020090697,0.053709849568555866,17.703745031838366,q3_refine_coheat_7d84af3ce82575d08148,True,af50916ddfd88962,904567fd11d251fb,149,1743.1519534502258,"{""kind"": ""fixed"", ""params"": [0.1], ""powers"": [0.6869209601959593, 0.9739723770341916, 0.47440428891704145, 0.1088291050339035, 0.36433542127506213], ""heat_off"": 26.730722572437625, ""load_start"": 0.0, ""times"": null, ""currents"": null}",1743.1519534502258
af50916ddfd88962,feasible,success,293.71083969431766,293.71083969431766,26.730722572437625,success,passed,1796.6133985951014,79.11326905482123,53.39964499999769,6070,3.830635222157983e-12,1.5567721995699172e-15,,0.5418992671711377,0.052304806517595746,18.112250088824396,q3_refine_coheat_e1eb7996d0d526c10959,True,af50916ddfd88962,904567fd11d251fb,150,1743.1519534502258,"{""kind"": ""fixed"", ""params"": [0.1], ""powers"": [0.7669209601959593, 0.9739723770341916, 0.47440428891704145, 0.1088291050339035, 0.36433542127506213], ""heat_off"": 26.730722572437625, ""load_start"": 0.0, ""times"": null, ""currents"": null}",1796.6133985951014
af50916ddfd88962,feasible,success,296.2088234443437,296.2088234443437,26.730722572437625,success,passed,1743.151953450226,79.86264888603816,56.170868000015616,6237,1.7039857721430883e-12,2.264395926647152e-15,,0.5396137267581179,0.054181629400264275,17.40020437089339,q3_refine_coheat_cdc4afa88c56ce83ef82,True,af50916ddfd88962,904567fd11d251fb,151,1743.1519534502258,"{""kind"": ""fixed"", ""params"": [0.1], ""powers"": [0.7269209601959593, 0.9339723770341916, 0.47440428891704145, 0.1088291050339035, 0.36433542127506213], ""heat_off"": 26.730722572437625, ""load_start"": 0.0, ""times"": null, ""currents"": null}",1743.151953450226
af50916ddfd88962,feasible,success,294.2445957765405,294.2445957765405,26.730722572437625,success,passed,1787.2761052406402,79.27339805397507,56.461829799984116,6297,9.173103893288076e-13,1.2737227087390232e-15,,0.541262717159964,0.05224284248845795,18.23839708664238,q3_refine_coheat_cba025ac1d80c942a4f9,True,af50916ddfd88962,904567fd11d251fb,152,1743.1519534502258,"{""kind"": ""fixed"", ""params"": [0.1], ""powers"": [0.7269209601959593, 1.0, 0.47440428891704145, 0.1088291050339035, 0.36433542127506213], ""heat_off"": 26.730722572437625, ""load_start"": 0.0, ""times"": null, ""currents"": null}",1787.2761052406404
af50916ddfd88962,feasible,success,296.0759778158998,296.0759778158998,26.730722572437625,success,passed,1743.1519534502258,79.82279378429511,52.73393320001196,6099,1.8725272414546208e-12,1.2737227087390232e-15,,0.5399655699339662,0.054698583947221525,17.61712849277629,q3_refine_coheat_6bd217ebd2e987e8973e,True,af50916ddfd88962,904567fd11d251fb,153,1743.1519534502258,"{""kind"": ""fixed"", ""params"": [0.1], ""powers"": [0.7269209601959593, 0.9739723770341916, 0.43440428891704147, 0.1088291050339035, 0.36433542127506213], ""heat_off"": 26.730722572437625, ""load_start"": 0.0, ""times"": null, ""currents"": null}",1743.151953450226
af50916ddfd88962,feasible,success,293.9544097961283,293.9544097961283,26.730722572437625,success,passed,1796.6133985951014,79.18634411820312,57.40463860001182,6359,5.1247547606926825e-12,9.90673217908129e-16,,0.5412613488240047,0.05132526066598494,18.198960694236945,q3_refine_coheat_147b0c66a1e6bf43b08f,True,af50916ddfd88962,904567fd11d251fb,154,1743.1519534502258,"{""kind"": ""fixed"", ""params"": [0.1], ""powers"": [0.7269209601959593, 0.9739723770341916, 0.5144042889170415, 0.1088291050339035, 0.36433542127506213], ""heat_off"": 26.730722572437625, ""load_start"": 0.0, ""times"": null, ""currents"": null}",1796.6133985951014
af50916ddfd88962,feasible,success,295.9305002426115,295.9305002426115,26.730722572437625,success,passed,1743.1519534502263,79.77916722173538,58.90407950000372,6509,5.939584885401383e-13,1.2737227087390232e-15,,0.5402836219785069,0.05514611944152477,18.179993626734557,q3_refine_coheat_e61e5c7caaa426cd9bde,True,af50916ddfd88962,904567fd11d251fb,155,1743.1519534502258,"{""kind"": ""fixed"", ""params"": [0.1], ""powers"": [0.7269209601959593, 0.9739723770341916, 0.47440428891704145, 0.06882910503390349, 0.36433542127506213], ""heat_off"": 26.730722572437625, ""load_start"": 0.0, ""times"": null, ""currents"": null}",1743.151953450226
af50916ddfd88962,feasible,success,294.1017703290423,294.1017703290423,26.730722572437625,success,passed,1796.6133985951008,79.23053592365866,60.43533170002047,6571,4.353348433440347e-12,1.4152474541544702e-15,,0.54094459540991,0.05088468232037788,17.635972148801955,q3_refine_coheat_ff57f7355f098f52aa2a,True,af50916ddfd88962,904567fd11d251fb,156,1743.1519534502258,"{""kind"": ""fixed"", ""params"": [0.1], ""powers"": [0.7269209601959593, 0.9739723770341916, 0.47440428891704145, 0.1488291050339035, 0.36433542127506213], ""heat_off"": 26.730722572437625, ""load_start"": 0.0, ""times"": null, ""currents"": null}",1796.6133985951008
af50916ddfd88962,feasible,success,295.77248621570345,295.77248621570345,26.730722572437625,success,passed,1743.1519534502258,79.73177897988545,63.38941150001483,6365,9.413724182646021e-13,1.4152474541544702e-15,,0.5405374659247708,0.0550257515461548,18.07018254582087,q3_refine_coheat_bb7bea440b263864eb18,True,af50916ddfd88962,904567fd11d251fb,157,1743.1519534502258,"{""kind"": ""fixed"", ""params"": [0.1], ""powers"": [0.7269209601959593, 0.9739723770341916, 0.47440428891704145, 0.1088291050339035, 0.32433542127506215], ""heat_off"": 26.730722572437625, ""load_start"": 0.0, ""times"": null, ""currents"": null}",1743.151953450226
af50916ddfd88962,feasible,success,294.2646051912213,294.2646051912213,26.730722572437625,success,passed,1796.6133985951012,79.2793996579139,66.89430219994392,6733,4.62274462345864e-12,1.2737227087390232e-15,,0.5406910755408365,0.05098962381197928,17.74592422245206,q3_refine_coheat_3047217ca9a4cce8c9d9,True,af50916ddfd88962,904567fd11d251fb,158,1743.1519534502258,"{""kind"": ""fixed"", ""params"": [0.1], ""powers"": [0.7269209601959593, 0.9739723770341916, 0.47440428891704145, 0.1088291050339035, 0.4043354212750621], ""heat_off"": 26.730722572437625, ""load_start"": 0.0, ""times"": null, ""currents"": null}",1796.613398595101
af50916ddfd88962,unresolved,horizon,,300.0,18.730722572437625,horizon,unresolved,1240.190245531432,81.00001999782722,76.48297429998638,7911,9.416036481273225e-12,1.132197963323576e-15,,0.5226901653706665,0.07763650119853392,14.035144248027734,q3_refine_coheat_ae14a7a6bb826918cc4b,True,af50916ddfd88962,904567fd11d251fb,159,1743.1519534502258,"{""kind"": ""fixed"", ""params"": [0.1], ""powers"": [0.7269209601959593, 0.9739723770341916, 0.47440428891704145, 0.1088291050339035, 0.36433542127506213], ""heat_off"": 18.730722572437625, ""load_start"": 0.0, ""times"": null, ""currents"": null}",
af50916ddfd88962,feasible,success,270.20256913975186,270.20256913975186,34.73072257243763,success,passed,2299.5751065138966,72.0607713940132,39.080312700010836,4026,2.439086648583556e-12,1.5567721995699172e-15,,0.5577079869922923,0.0364778929631804,21.11918227616738,q3_refine_coheat_a184411e37a6057ec420,True,af50916ddfd88962,904567fd11d251fb,160,1743.1519534502258,"{""kind"": ""fixed"", ""params"": [0.1], ""powers"": [0.7269209601959593, 0.9739723770341916, 0.47440428891704145, 0.1088291050339035, 0.36433542127506213], ""heat_off"": 34.73072257243763, ""load_start"": 0.0, ""times"": null, ""currents"": null}",2299.5751065138966
