t_s,observed_K_s,model_K_s
0.0,0.006125132613737452,-0.04117955962411506
0.2,0.006360301992562006,-0.03422843508588466
0.4,0.006521939600913761,-0.02959124692555199
0.6,0.006610750294623289,-0.026399694864433575
0.8,0.006671450073797685,-0.024459077147566545
1.0,0.00673122096703015,-0.022686736701286684
1.2,0.00703993145501897,-0.014476870068572375
1.4,0.007026178753707871,-0.014831606859855694
1.6,0.006999797705077796,-0.014563369903370444
1.8,0.006987197220799605,-0.014580036559375117
2.0,0.006979988519024906,-0.01465640600093142
2.2,0.006999621081267379,-0.014792978401910418
2.4,0.007007281561922147,-0.014605675297092445
2.6,0.007019110098822813,-0.014273256094317267
2.8,0.007020493418849823,-0.013538165590387868
3.0,0.007007965052067435,-0.013356057152221464
3.2,0.006983384688100971,-0.01291108308184877
3.4,0.006941546886077741,-0.01267302864006024
3.6,0.006894603035647387,-0.012186588018385375
3.8,0.006833886935790092,-0.011997613904363259
4.0,0.006759437701054211,-0.011578329842045163
4.2,0.006709465287554037,-0.011155559444646232
4.4,0.006671197047781037,-0.010653143129461596
4.6,0.006668896020887153,-0.010511213447441436
4.8,0.006636597903699547,-0.010600279382238561
5.0,0.006619987270333802,-0.010444364334294614
5.2,0.006629375473728287,-0.010854551784425162
5.4,0.006792459275482613,-0.009763657118701299
5.6,0.007360189538366498,-0.006835705766724016
5.8,0.008550019636196607,-0.0018334671642823836
6.0,0.010616101162333118,0.004499876931130168
6.2,0.013771267020541636,0.013142205335182119
6.4,0.01797412778783344,0.023314723515085557
6.6,0.02310699458503151,0.033081099739973106
6.8,0.02907932594886521,0.04323940272876344
7.0,0.03574928321201574,0.052436661397569605
7.2,0.04294423082998574,0.06094986722987809
7.4,0.05041927269414923,0.06760067186637869
7.6,0.05802068492753939,0.07384385420836559
7.8,0.06584478890915434,0.08107661053361409
8.0,0.0738972738172361,0.08792900592591059
8.2,0.08217388370303887,0.09462082813988795
8.4,0.09070187431103639,0.10280664290315367
8.6,0.09930915690406261,0.11054151087572027
8.8,0.1122486591354347,0.12094596922926436
9.0,0.11633878297754469,0.12374186995374584
9.2,0.12472032786977459,0.1295470408667026
9.4,0.13299549870605973,0.13626642508020242
9.6,0.1411626254450547,0.14263746603416202
9.8,0.14927624744106782,0.15045468762743217
10.0,0.15744999425372763,0.1595246843850908
10.2,0.1656390174665234,0.16762059357784956
10.4,0.17385381277596879,0.17709774259622052
10.6,0.1820902781572252,0.18593521762383206
10.8,0.19029333955148717,0.19380503963763865
11.0,0.19839979185951553,0.2008320917755418
11.2,0.20651466981516103,0.20871686045322868
11.4,0.21472637216166784,0.21584150680971048
11.6,0.22297375133802264,0.2231977919024213
11.8,0.23129101191867849,0.22933235806016825
12.0,0.23964557767646286,0.23626349270184233
12.2,0.24793543101585364,0.2432746927894575
12.4,0.2560238193218508,0.2490862412700327
12.6,0.26390590381534673,0.25675919977763706
12.8,0.27146003018423687,0.2626486977993733
13.0,0.2783095100268989,0.2666891357563679
13.2,0.2840252406863436,0.2681752488187274
13.4,0.28845641289723767,0.26822181418888935
13.6,0.2915828759725022,0.26610517690672925
13.8,0.293333560981669,0.2626213556587239
14.0,0.29389710883420356,0.25818071727817093
14.2,0.2933327577108406,0.2528042587990113
14.4,0.2917688443885272,0.2468574778840382
14.6,0.28960167174293383,0.24101984352383782
14.8,0.28725400253228367,0.23726100289948862
15.0,0.2850412208578069,0.23541477504715827
15.2,0.2830439342057095,0.23464616224942697
15.4,0.28122143258089055,0.23413375599327113
15.6,0.27952660759315195,0.23289838319252826
15.8,0.2779605291175115,0.23148651623524052
16.0,0.27646851220449586,0.23001229842928345
16.2,0.2750405479988561,0.22889749517725214
16.4,0.2736397606248321,0.22793172207521945
16.6,0.2715222951904798,0.22538714551426667
16.8,0.27082848289843015,0.22474545693304798
17.0,0.26942457906879774,0.22307504804523298
17.2,0.2679753810153078,0.22139026092921482
17.4,0.26651216092817837,0.22028551563583934
17.6,0.2650661200713364,0.2193084895186317
17.8,0.26363265793569196,0.2175870080390589
18.0,0.2622229750986262,0.21651777376388853
18.2,0.26083850128903124,0.2157013078452192
18.4,0.2594466652612254,0.21493954602408116
18.6,0.2580530646461692,0.21425736552096097
18.8,0.25666521286979416,0.21355005668201768
19.0,0.2552701732220537,0.21244996847463332
19.2,0.2538440881466536,0.2115389911883148
19.4,0.25236025842862486,0.21041176975818757
19.6,0.25082012429555617,0.20924950016494248
19.8,0.24928289213241284,0.20834479267564332
20.0,0.24775904010004046,0.2067303328393235
20.2,0.24623579261752315,0.20577690136029658
20.4,0.24473938641212434,0.20502471963467023
20.6,0.24328036340074918,0.20429031766830816
20.8,0.24189499946352624,0.20315318018413453
21.0,0.24058754341183902,0.20233367643751962
21.2,0.2393404856732769,0.20115709199046458
21.4,0.23813201068687775,0.20030947844489827
21.6,0.236928396572457,0.199107406365022
21.8,0.23572448300875065,0.19792788515647888
22.0,0.23454599415735222,0.1976472229856456
22.2,0.23336540889955104,0.19612478739433628
22.4,0.2321914147042137,0.19529816846871784
22.6,0.2310448985016642,0.19467537751060926
22.8,0.2298582799706687,0.1936732894006862
23.0,0.22867468705132463,0.19258687958840368
23.2,0.2276290404567041,0.1915354533262313
23.4,0.22696518159658538,0.193245886845016
23.6,0.22694600298254064,0.19755319003302624
23.8,0.22779602191835743,0.20366870981358162
24.0,0.22980656010515355,0.21292870775487532
24.2,0.23311689140926298,0.22475630363842514
24.4,0.2375515451772636,0.23670368173252143
24.6,0.24295018008597777,0.24783009919129032
24.8,0.24919448100978628,0.2587500120866436
25.0,0.25600329321108883,0.2673800637548446
25.2,0.2631073191501571,0.274356781427039
25.4,0.2702547635313441,0.27759366058760504
25.6,0.2773289192821699,0.28010701211914096
25.8,0.2844106855422307,0.28350870390135846
26.0,0.291582450734955,0.2891084265958841
26.2,0.2989568175419768,0.29686495166236854
26.4,0.30646718392651845,0.3060550477950758
26.6,0.3138794974703818,0.3155644658370109
26.8,0.32113272303082285,0.3244537394645469
27.0,0.3282216815529794,0.3339315807651879
27.2,0.3349226153211678,0.342006305872418
27.4,0.34090069564049286,0.34741271998096307
27.6,0.3458354784815619,0.348633461838063
27.8,0.3495434381249782,0.34658793366767476
28.0,0.3520837844790821,0.34220866982986514
28.2,0.3535758244814972,0.33782415823890644
28.4,0.35414364657143976,0.3330001809105283
28.6,0.35372271274521033,0.3276347959546916
28.8,0.352430106967574,0.3217170685075677
29.0,0.3506523428858147,0.31665096599434733
29.2,0.3487315213912867,0.3133408118997638
29.4,0.34687201922415173,0.3115897972163776
29.6,0.34505298232061565,0.31018995528722704
29.8,0.3432290415118805,0.30844730350329547
30.0,0.3413929538230743,0.30708666033753446
30.2,0.3395876013865015,0.30548236583609845
30.4,0.33783820401476716,0.3039734446651665
30.6,0.33618202957183596,0.30313427105655505
30.8,0.3345330452144115,0.3020194874600946
31.0,0.3328563234233568,0.3005035936244041
31.2,0.33119118940795367,0.2992853427000242
31.4,0.3295401092496583,0.29764047285673384
31.6,0.32795568836296735,0.29635791642177317
31.8,0.3263975887907749,0.2950526729337692
32.0,0.324834959344322,0.2936697611980875
32.2,0.3224288165932341,0.2913619214553278
32.4,0.3216640889917774,0.2905690019904541
32.6,0.32013170306460137,0.2887463001365931
32.8,0.3186895404162502,0.287260440969418
33.0,0.31730938207212733,0.2855282048952888
33.2,0.31594892520568535,0.2837920590857327
33.4,0.3145893666090935,0.2824644308958728
33.6,0.31321458231888655,0.2806749505856151
33.8,0.3118527512549438,0.2788816695469261
34.0,0.31052907401521707,0.2774820535655512
34.2,0.30927351410824366,0.2762676263126126
34.4,0.30806029816121305,0.27508410931621613
34.6,0.30684081113331,0.27352388363705105
34.8,0.3056014959524988,0.27198615345689187
35.0,0.3043633219007262,0.2707249987304242
35.2,0.30313448094095186,0.26913602215098176
35.4,0.3019878570028311,0.26779962135855184
35.6,0.30086519703487663,0.266164310721567
35.8,0.3002819044455886,0.26560434927135634
36.0,0.29964666407704316,0.26450263311099376
36.2,0.29897486476603363,0.26364990887916795
36.4,0.29833537838683094,0.26306931894035895
36.6,0.2978110905100254,0.2626912613458891
